Country_Code,Country_Name,Region,Sub_Region,Intermediate_Region,Confirmed,Recovered,Deaths,ConfirmedPerPpopulation,RecoveryRate,DeathRate,"School enrollment, tertiary (% gross)","School enrollment, secondary (% net)","Literacy rate, adult total (% of people ages 15 and above)","Literacy rate, adult female (% of females ages 15 and above)","Literacy rate, adult male (% of males ages 15 and above)","Literacy rate, youth male (% of males ages 15-24)","Literacy rate, youth female (% of females ages 15-24)","Labor force, female (% of total labor force)","Labor force, total",Population ages 15-64 (% of total population),"Government expenditure on education, total (% of GDP)","Cause of death, by communicable diseases and maternal, prenatal and nutrition conditions (% of total)","Cause of death, by injury (% of total)","Cause of death, by non-communicable diseases (% of total)","Death rate, crude (per 1,000 people)",Diabetes prevalence (% of population ages 20 to 79),"Immunization, DPT (% of children ages 12-23 months)","Immunization, HepB3 (% of one-year-old children)","Immunization, measles (% of children ages 12-23 months)","Life expectancy at birth, total (years)",Prevalence of anemia among children (% of children under 5),Prevalence of undernourishment (% of population),Risk of impoverishing expenditure for surgical care (% of people at risk),Net ODA Received (2014-2018),Net ODA Received (2018),Inflation (2015-2019),Inflation (2019),GDP (2015-2019),GDP (2019),Unemployment (2015-2019),Unemployment (2019),Happiness Score (2019),GDP per capita (2019),Social support (2019),Healthy life expectancy (2019),Freedom to make life choices (2019),Generosity (2019),Perceptions of corruption (2019),"Nurse and Midwives(per1,000People)","Physician(per1,000People)",OECD_Nurse(1000HAB),OECD_Doctor(1000HAB),Health Expenditure (% of GDP),Hospital_Bed_ACUTE(1000HAB),Hospital_Bed_ICU(1000HAB),Hospital_Bed_OTHER(1000HAB),HOSPITAL_BED_PSYCHIATRIC(1000HAB),HOSPITAL_BED_TOTAL(1000HAB),Health Care Index _2000,HealthCare_Rank_2000,Covid19_test_conducted_people tested,Covid19_test_conducted_samples tested,Covid19_test_conducted_tests performed,Covid19_test_conducted_units unclear
AFG,Afghanistan,Asia,Southern Asia,,49681,38613,2047,0.131,77.722,4.12,9.686420441,50.1407,43.01971817,29.80521011,55.47544861,74.08480072,56.2547493,50.25306367,10699797,54.9119344,4.058869839,36.4,19.5,44.1,6.423,9.2,66,66,64,64.486,46.4,29.9,0,118.8558296,101.9275409,2.325331192,2.302372515,541.6549667,502.1154869,11.2118,11.11800003,3.203,0.35,0.517,0.361,0,0.158,0.025,0.1755,0.2782,NA,NA,11.77719384,NA,NA,NA,NA,NA,0.325,173,NA,NA,NA,NA
AGO,Angola,Africa,Sub-Saharan Africa,Middle Africa,16626,9518,386,0.052,57.248,2.322,9.336259842,0,0,0,0,0,0,41.4753376,13164276,51.17863322,0,63.4,9.2,27.4,8.19,4.5,57,53,51,60.782,50.9,18.6,7.1,8.437832453,5.175307649,15.97468408,17.14531994,3606.420667,2973.59116,7.105800056,6.886000156,NA,NA,NA,NA,NA,NA,NA,0.4075,0.2146,NA,NA,2.791500278,NA,NA,NA,NA,NA,0.275,181,NA,NA,NA,NA
ALB,Albania,Europe,Southern Europe,,52542,27831,1074,1.841,52.969,2.044,59.7784996,86.60827,98.14115143,97.76112366,98.51361847,99.05000305,99.62999725,0,1313923,68.39780528,3.611720085,2.9,4,93.1,7.898,9,99,99,95,78.458,24.9,3.6,0.8,90.26020102,119.6249252,1.719483492,1.41109079,4649.023068,5352.857411,14.14420013,12.33100033,4.719,0.947,0.848,0.874,0.383,0.178,0.027,3.6495,1.2164,NA,NA,NA,NA,NA,NA,NA,NA,0.774,55,NA,NA,NA,NA
AND,Andorra,Europe,Southern Europe,,7560,6963,80,9.8,92.103,1.058,0,0,0,0,0,0,0,20.717721,0,0,3.151619911,0,0,0,4.4,7.7,99,98,99,0,12.8,0,0,NA,NA,NA,NA,38975.90305,40886.39116,NA,NA,NA,NA,NA,NA,NA,NA,NA,NA,NA,NA,NA,10.32055244,NA,NA,NA,NA,NA,0.982,4,NA,NA,NA,NA
ARE,United Arab Emirates,Asia,Western Asia,,192404,168129,634,1.969,87.383,0.33,0,92.79992,93.22714233,95.09761047,92.55615997,99.63999939,99.11000061,42.96271082,6840917,84.13083877,0,6.5,16.8,76.8,1.47,16.3,99,98,99,77.814,27.2,3.1,0,NA,NA,1.758366479,-1.931081148,40878.5428,43103.32306,2.117200041,2.34800005,6.825,1.503,1.31,0.825,0.598,0.262,0.182,5.7271,2.5278,NA,NA,3.334282339,NA,NA,NA,NA,NA,0.886,27,NA,NA,173451.703,NA
ARG,Argentina,Americas,Latin America and the Caribbean,South America,1537169,1362617,41763,3.421,88.645,2.717,89.95851898,90.79605,99.0038681,99.06204224,98.93773651,99.24182892,99.75765228,46.16731809,20772672,64.16136585,5.462230206,15.9,6.5,77.6,7.609,5.9,86,86,94,76.52,22.2,3.8,3.9,0.466992857,1.595477973,43.91276403,53.54830435,12572.25297,10006.14897,8.616600037,9.788999557,6.086,1.092,1.432,0.881,0.471,0.066,0.05,2.5996,3.9901,NA,NA,9.124314785,NA,NA,NA,NA,NA,0.722,75,6349.945,NA,7168.918,NA
ARM,Armenia,Asia,Western Asia,,153173,131931,2616,5.179,86.132,1.708,51.48752975,0,99.73606873,99.67716217,99.80549622,99.82128143,99.87416077,0,1303565,67.75038027,2.707590103,2.8,3.9,93.3,9.857,6.1,92,92,95,74.945,31.5,2.6,6,91.17926595,47.12078299,1.452263466,1.443446608,3991.370202,4622.733493,17.61380005,16.98999977,4.559,0.85,1.055,0.815,0.283,0.095,0.064,6.107,4.4023,NA,NA,10.36270484,NA,NA,NA,NA,NA,0.63,104,NA,NA,NA,NA
ATG,Antigua and Barbuda,Americas,Latin America and the Caribbean,Caribbean,152,141,5,0.157,92.763,3.289,0,88.78981,98.94999695,99.41999817,98.40000153,0,0,46.53362262,0,68.99030046,0,11.9,6.3,81.8,6.366,13.1,95,99,93,76.885,32.3,0,0,64.46716278,174.272487,1.029800372,NA,15876.88318,17790.30931,NA,NA,NA,NA,NA,NA,NA,NA,NA,4.5171,2.956,NA,NA,4.533531889,NA,NA,NA,NA,NA,0.688,86,NA,NA,NA,NA
AUS,Australia,Oceania,Australia and New Zealand,,28168,25704,908,0.111,91.252,3.224,107.8080521,92.28431,0,0,0,0,0,46.40601549,13414956,64.80335154,5.124249935,4.6,5.9,89.5,6.3,5.6,95,95,95,82.74878049,13.9,2.5,0.1,NA,NA,1.651234779,1.610767873,54619.26916,54907.10191,5.584200001,5.268000126,7.228,1.372,1.548,1.036,0.557,0.332,0.29,12.5508,3.6778,11.92,3.75,9.205947816,NA,NA,NA,0.42,3.84,0.876,32,NA,NA,36208.413,NA
AUT,Austria,Europe,Western Europe,,337209,300611,5209,3.799,89.147,1.545,86.68834686,87.00131,0,0,0,0,0,48.75397231,4613292,66.56253608,5.358039856,2.6,5.2,92.2,9.5,6.6,85,85,94,81.69268293,12.6,2.5,0,NA,NA,1.479740735,1.530895534,47753.45061,50277.27509,5.351599979,4.673999786,7.246,1.376,1.475,1.016,0.532,0.244,0.226,7.0899,5.1697,6.87,5.24,10.39661691,5.45,NA,NA,0.61,7.37,0.959,9,NA,NA,32048.732,NA
AZE,Azerbaijan,Asia,Western Asia,,199127,135462,2175,1.987,68.028,1.092,31.54019928,88.53256,99.79122925,99.72199249,99.86374664,99.96064758,99.91310883,51.85834027,5103137,70.11169103,2.455430031,8.8,4.6,86.6,5.8,6.1,94,94,98,72.864,23.9,2.5,0,11.81313359,8.447880864,6.854154866,2.608339565,4612.313512,4793.58702,5.073799992,5.508999825,5.208,1.043,1.147,0.769,0.351,0.035,0.182,NA,NA,NA,NA,6.651829183,NA,NA,NA,NA,NA,0.626,109,NA,NA,NA,NA
BDI,Burundi,Africa,Sub-Saharan Africa,Eastern Africa,761,687,2,0.007,90.276,0.263,4.057660103,27.52277,68.37532806,61.22369003,76.29605103,91.03414917,85.61855316,46.20090775,4983237,52.28725702,5.078649998,55.8,12.1,32.1,7.929,5.1,93,93,92,61.247,47.3,0,99,47.94944868,40.25188111,4.730688716,-0.686772171,282.7480102,261.2474725,1.488400006,1.427000046,3.775,0.046,0.447,0.38,0.22,0.176,0.18,0.8526,0.1001,NA,NA,7.517570257,NA,NA,NA,NA,NA,0.494,143,NA,NA,NA,NA
BEL,Belgium,Europe,Western Europe,,623760,0,18545,5.432,NA,2.973,78.90116882,94.94691,0,0,0,0,0,49.19318149,5101824,63.93523089,6.412280083,7.9,6.4,85.7,10.7,4.6,98,97,96,81.59512195,12.6,2.5,0,NA,NA,1.630247446,1.43681957,44177.33488,46116.69923,6.987000084,5.589000225,6.923,1.356,1.504,0.986,0.473,0.16,0.21,19.4614,3.0709,11.22,3.13,10.33866927,4.98,NA,NA,1.36,5.64,0.915,21,NA,NA,51764.396,NA
BEN,Benin,Africa,Sub-Saharan Africa,Western Africa,3152,2972,44,0.027,94.289,1.396,12.51698971,46.58049,42.36240005,31.07164955,53.97703171,69.76117706,51.94361877,44.61854529,4833491,54.52959631,2.933969975,54.1,10.2,35.7,8.871,1,76,76,71,61.47,62.1,7.4,61,51.22078081,49.65325522,0.225454581,-0.915681573,1152.188106,1219.432672,2.43920002,2.232000113,4.883,0.393,0.437,0.397,0.349,0.175,0.082,0.3888,0.0791,NA,NA,3.718582168,NA,NA,NA,NA,NA,0.647,97,NA,NA,NA,NA
BFA,Burkina Faso,Africa,Sub-Saharan Africa,Western Africa,4954,3504,74,0.024,70.731,1.494,7.096129894,31.00148,41.22444916,32.68761826,50.07458878,61.79000092,54.66999817,30.48785221,7468213,52.91489091,5.383790016,56.3,11,32.7,8.124,7.3,91,91,88,61.174,86.2,19.2,75.9,55.37957023,56.22752642,0.274286618,-3.23338934,734.8543595,774.8396902,6.267199993,6.263999939,4.587,0.331,1.056,0.38,0.255,0.177,0.113,0.8829,0.0847,NA,NA,6.915059686,NA,NA,NA,NA,NA,0.543,132,NA,NA,NA,NA
BGD,Bangladesh,Asia,Southern Asia,,499560,435601,7242,0.306,87.197,1.45,24.01688957,66.54968,74.6844635,71.94838715,77.44149017,93.70469666,96.08776093,46.16842499,70009461,67.60528327,1.326320052,25.6,7.5,66.9,5.529,9.2,98,98,97,72.32,40.3,13,56,18.16617808,18.84168693,5.709098782,5.591996399,1553.615588,1855.739824,4.31420002,4.190000057,4.456,0.562,0.928,0.723,0.527,0.166,0.143,0.4124,0.5809,NA,NA,2.274248749,NA,0.007,NA,NA,NA,0.675,88,NA,NA,1940.144,NA
BGR,Bulgaria,Europe,Eastern Europe,,191029,98026,6551,2.738,51.315,3.429,71.52152252,89.05757,0,0,0,0,0,20.05479122,3295081,64.06165381,4.09250021,2.2,2.6,95.2,15.4,6,92,85,93,74.96341463,26.9,3,2.6,NA,NA,1.415314113,3.103729448,8418.322405,9737.601351,6.486599922,4.340000153,5.011,1.092,1.513,0.815,0.311,0.081,0.004,NA,NA,NA,NA,8.095603436,6.1682,NA,NA,NA,NA,0.639,102,NA,NA,12437.882,NA
BHR,Bahrain,Asia,Western Asia,,90062,88178,349,5.488,97.908,0.388,55.62850952,90.19346,97.46418762,94.94888306,98.76316833,99.97614288,99.3013382,47.51178813,978624,78.76249412,2.327810049,6.9,10.1,83,2.385,15.6,99,99,99,77.163,30.1,0,0,NA,NA,2.028067707,NA,23302.50507,23503.97713,0.822799993,0.713999987,6.199,1.362,1.368,0.871,0.536,0.255,0.11,NA,NA,NA,NA,4.748104885,NA,NA,NA,NA,NA,0.824,42,NA,NA,NA,129343.044
BHS,Bahamas,Americas,Latin America and the Caribbean,Caribbean,7733,6109,164,1.985,78.999,2.121,0,62.4958,0,0,0,0,0,39.22480834,226287,70.44099599,0,16.9,9.2,73.9,6.771,8.8,86,86,85,73.752,29.5,0,0,NA,NA,-4.862904403,2.491235274,31994.67977,32933.48601,10.97199993,10.35999966,NA,NA,NA,NA,NA,NA,NA,4.5669,2.0068,NA,NA,5.758889019,NA,NA,NA,NA,NA,0.657,94,NA,NA,NA,NA
BLR,Belarus,Europe,Eastern Europe,,171579,149353,1316,1.812,87.046,0.767,87.42909241,95.63948,99.75656128,99.72518158,99.79398346,99.83000183,99.87000275,38.84681314,5036882,67.7628385,4.794990063,2.5,7,90.5,12.7,5,98,97,98,74.17560976,25.4,2.5,0.5,1.480429245,12.33827326,8.374673188,5.59815595,5945.370122,6663.295293,5.35180006,4.59499979,5.323,1.067,1.465,0.789,0.235,0.094,0.142,NA,NA,NA,NA,5.92578575,NA,NA,NA,NA,NA,0.723,72,NA,NA,11002.506,NA
BLZ,Belize,Americas,Latin America and the Caribbean,Central America,9791,4779,213,2.508,48.81,2.175,24.99110031,71.149,0,0,0,0,0,0,178514,65.42821497,7.561490059,19.4,13.2,67.4,4.716,17.1,98,98,96,74.496,22.5,7.6,0,91.45868137,87.08568545,NA,NA,4836.366928,4815.163711,6.81960001,6.413000107,NA,NA,NA,NA,NA,NA,NA,2.3414,1.1229,NA,NA,5.642822757,NA,NA,NA,NA,NA,0.736,69,NA,NA,NA,NA
BOL,Bolivia,Americas,Latin America and the Caribbean,South America,149770,127815,9035,1.301,85.341,6.033,0,76.55438,92.45507813,88.58286285,96.52275085,99.39402008,99.40421295,43.5837641,5735836,62.0361067,0,22.4,13.1,64.5,6.772,6.8,75,75,79,71.239,46.9,15.5,30.1,69.55291833,64.02897037,2.923437541,1.83954505,3312.882824,3552.068762,3.458599997,3.497999907,5.779,0.776,1.209,0.706,0.511,0.137,0.064,1.5589,1.5901,NA,NA,6.443160772,NA,NA,NA,NA,NA,0.571,126,NA,NA,3613.56,NA
BRA,Brazil,Americas,Latin America and the Caribbean,South America,7213155,6388938,186356,3.418,88.573,2.584,0,81.72855,93.22750092,93.42507172,93.00904083,98.98358154,99.43153381,49.32644756,106500838,69.73919823,6.32254982,13.9,12.2,73.9,6.452,10.4,73,80,91,75.672,25.1,2.5,11.2,3.210689303,2.048796344,5.722648879,3.732976212,9033.580888,8717.186278,11.45319996,12.08300018,6.3,1.004,1.439,0.802,0.39,0.099,0.086,10.119,2.1643,NA,NA,9.467476606,NA,0.210581,NA,NA,NA,0.573,125,NA,NA,239.485,NA
BRB,Barbados,Americas,Latin America and the Caribbean,Caribbean,307,280,7,0.107,91.205,2.28,0,93.63078,0,0,0,0,0,42.84792032,155296,66.71857852,4.366380215,13,4.2,82.8,9.004,13.4,90,90,92,79.081,31.9,4.3,0,NA,NA,2.520685319,4.100289645,17342.02081,18148.24493,10.10940018,10.33100033,NA,NA,NA,NA,NA,NA,NA,3.06,2.4843,NA,NA,6.779126823,NA,NA,NA,NA,NA,0.808,46,NA,NA,NA,NA
BTN,Bhutan,Asia,Southern Asia,,443,423,0,0.058,95.485,NA,15.55451012,70.19893,66.5611496,57.08361816,75.01985168,93.27015686,92.89112091,48.69777255,380085,68.56683074,6.850840092,20.9,10.5,68.6,6.245,10.3,97,97,97,71.46,43.5,0,16.3,135.5091261,133.1797459,3.634579884,2.725821043,3053.258256,NA,2.373799992,2.342000008,5.082,0.813,1.321,0.604,0.457,0.37,0.167,1.8518,0.4242,NA,NA,3.186962381,NA,NA,NA,NA,NA,0.575,124,NA,NA,NA,NA
BWA,Botswana,Africa,Sub-Saharan Africa,Southern Africa,13014,10535,38,0.565,80.951,0.292,25.08139038,0,0,0,0,0,0,45.67326825,1080610,61.86911734,0,46,8.3,45.7,5.742,5.8,95,95,97,69.275,40.4,24.1,25.9,40.66012345,36.59068009,3.039230079,2.772864429,7635.575569,7961.33814,17.69140015,18.19300079,3.488,1.041,1.145,0.538,0.455,0.025,0.1,5.403,0.5269,NA,NA,6.134568155,NA,NA,NA,NA,NA,0.338,169,NA,NA,NA,NA
CAF,Central African Republic,Africa,Sub-Saharan Africa,Middle Africa,4936,1924,63,0.104,38.979,1.276,0,12.71989,37.39582062,25.75638008,49.51459122,47.80493164,28.70665932,47.3736372,1914794,53.26519409,0,63.7,10.3,26,12.289,6,47,47,49,52.805,71.9,0,0,121.748499,140.5072872,NA,NA,434.8751176,467.9074406,3.75340004,3.680000067,3.083,0.026,0,0.105,0.225,0.235,0.035,NA,NA,NA,NA,5.821775645,NA,NA,NA,NA,NA,0.156,189,NA,NA,NA,NA
CAN,Canada,Americas,Northern America,,505741,416901,14171,1.345,82.434,2.802,70.11302185,99.80968,0,0,0,0,0,44.99905239,20583847,66.50620337,0,5.6,6.1,88.3,7.7,7.6,91,74,90,81.94878049,9.4,2.5,0,NA,NA,1.673675947,1.949269024,44712.88921,46194.72523,6.328000069,5.56400013,7.278,1.365,1.505,1.039,0.584,0.285,0.308,9.9438,2.6102,9.95,2.8,10.57276949,1.95,NA,NA,0.34,2.5,0.881,30,33410.708,NA,NA,NA
CHE,Switzerland,Europe,Western Europe,,403989,311500,6602,4.711,77.106,1.634,61.37744904,85.32946,0,0,0,0,0,44.26579915,4978166,66.22132804,5.130189896,4.3,6.1,89.6,7.8,5.7,96,69,95,83.75365854,12.9,2.5,0,NA,NA,0.050903403,0.362916005,81503.13181,81993.72715,4.761999989,4.580999851,7.48,1.452,1.526,1.052,0.572,0.263,0.343,17.5357,4.2957,17.59,4.34,12.34632209,3.56,NA,NA,0.93,4.53,0.916,20,NA,NA,31150.652,NA
CHL,Chile,Americas,Latin America and the Caribbean,South America,583355,554333,16101,3.078,95.025,2.76,90.8963089,88.65187,96.40228271,96.33402252,96.48062897,99.00582123,99.01155853,43.71068616,9557893,68.62418701,5.41945982,8.1,7.1,84.7,6.163,8.6,96,96,95,80.042,20,3.5,5.5,7.611825714,NA,3.062024026,2.557544757,14629.67689,14896.45387,6.90539999,7.090000153,6.444,1.159,1.369,0.92,0.357,0.187,0.056,13.3248,2.5912,NA,NA,8.983509988,1.99,NA,NA,0.1,2.11,0.87,33,NA,NA,28694.997,NA
CHN,China,Asia,Eastern Asia,,94953,88666,4763,0.007,93.379,5.016,53.76491165,0,96.84088898,95.15933228,98.46653748,99.78379059,99.7833786,41.76955521,781074570,70.72329863,0,3.8,7,89.3,7.1,9.2,99,99,99,76.704,21.4,2.5,27,-0.546973069,-0.529205214,2.000837294,2.899235799,9066.534934,10261.67913,4.440200043,4.320000172,5.191,1.029,1.125,0.893,0.521,0.058,0.1,2.6621,1.9798,2.68,1.99,5.151193216,NA,0.036,NA,NA,4.34,0.485,144,NA,NA,173.692,NA
CMR,Cameroon,Africa,Sub-Saharan Africa,Middle Africa,25724,23851,445,0.099,92.719,1.73,14.26727009,45.99349,77.07103729,71.58627319,82.6280365,87.72000122,82.41000366,48.34947027,11345979,54.91421907,3.131200075,53.9,10.9,35.2,9.266,6,67,67,60,58.921,62.5,6.3,42.5,38.71220669,46.16588926,1.543499629,2.452802141,1429.868279,1497.909176,3.425800037,3.380000114,5.044,0.549,0.91,0.331,0.381,0.187,0.037,NA,NA,NA,NA,4.670666903,NA,NA,NA,NA,NA,0.357,164,NA,NA,NA,NA
COL,Colombia,Americas,Latin America and the Caribbean,South America,1496062,1362543,40268,2.972,91.075,2.692,55.32749176,77.47078,95.09250641,95.31891632,94.85182953,98.63382721,99.06960297,42.13638173,26787864,68.61338533,4.457489967,10.1,15,74.8,5.562,7.4,92,92,95,77.109,26.6,5.5,13.5,26.09183907,35.50325535,4.716479082,3.525492736,6315.184795,6432.387583,8.936199951,9.706999779,6.125,0.985,1.41,0.841,0.47,0.099,0.034,1.3309,2.1848,1.33,2.18,7.226280868,NA,NA,NA,NA,1.71,0.91,22,NA,10324.461,NA,NA
COM,Comoros,Africa,Sub-Saharan Africa,Eastern Africa,643,610,7,0.076,94.868,1.089,0,50.35748,58.81702042,52.95639038,64.64420319,78.2394104,78.30236053,44.08500055,223593,57.65872279,2.545059919,47.4,10.9,41.7,7.214,12.3,91,91,90,64.118,48.1,0,52.3,87.49904473,104.0342516,NA,NA,1329.790283,1393.522372,4.39119997,4.335999966,3.973,0.274,0.757,0.505,0.142,0.275,0.078,0.6285,0.2715,NA,NA,7.384373993,NA,NA,NA,NA,NA,0.592,118,NA,NA,NA,NA
CPV,Cabo Verde,Africa,Sub-Saharan Africa,Western Africa,11567,11215,111,2.103,96.957,0.96,23.61651039,70.42826,86.79029083,82.04222107,91.69143677,97.58500671,98.73017883,39.02957339,238022,66.89517852,5.181749821,19.5,10.1,70.3,5.625,2.4,96,97,98,72.782,55.1,18.5,17.7,267.4649915,152.9883249,0.374289609,1.107509306,3337.546481,3603.781794,12.13479996,12.2489996,NA,NA,NA,NA,NA,NA,NA,1.2983,NA,NA,NA,5.165488645,NA,NA,NA,NA,NA,0.617,113,NA,NA,NA,NA
CRI,Costa Rica,Americas,Latin America and the Caribbean,Central America,157472,125488,1996,3.12,79.689,1.268,57.67481995,82.44799,97.86379242,97.92443085,97.80235291,99.33999634,99.52999878,43.93479674,2473778,69.04092888,7.048759937,6.4,10.2,83.3,5.078,9.1,95,98,95,80.095,28.7,3.2,8.3,18.75620233,18.83610551,1.345504051,2.096202566,11826.14548,12238.37496,9.444999886,11.85400009,7.167,1.034,1.441,0.963,0.558,0.144,0.093,3.4144,2.8939,NA,NA,7.328796387,NA,NA,NA,NA,1.13,0.849,36,2897.463,NA,NA,NA
CUB,Cuba,Americas,Latin America and the Caribbean,Caribbean,10024,8976,137,0.088,89.545,1.367,41.37902069,84.18162,0,0,0,0,0,0,5098407,68.39269093,0,8.4,7.9,83.7,8.988,9.6,99,99,99,78.726,29.3,2.5,0,88.2195837,65.87236768,NA,NA,8279.459343,NA,1.88760004,1.638000011,NA,NA,NA,NA,NA,NA,NA,7.5614,8.4218,NA,NA,11.71132699,NA,NA,NA,NA,NA,0.834,39,NA,NA,9090.501,NA
CYP,Cyprus,Asia,Western Asia,,17476,2057,89,1.458,11.77,0.509,81.33708191,95.337,0,0,0,0,0,44.74390487,629536,69.24464468,5.777190208,4.1,4.7,91.1,7.022,9,96,94,86,80.828,17.5,6.8,0.3,NA,NA,-0.261707134,0.250370997,26150.60121,27858.371,10.91079998,7.274000168,6.046,1.263,1.223,1.042,0.406,0.19,0.041,5.2512,1.9509,NA,NA,6.684569269,3.3996,NA,NA,NA,NA,0.906,24,NA,NA,77552.554,NA
DEU,Germany,Europe,Western Europe,,1508518,1107115,26171,1.815,73.391,1.735,70.34264374,85.29882,0,0,0,0,0,39.79875438,43577709,64.6375192,4.905119896,4.8,4,91.2,11.5,10.4,93,87,97,80.89268293,12.4,2.5,0,NA,NA,1.13870008,1.445667015,44297.18728,46258.87829,3.783800077,3.042999983,6.985,1.373,1.454,0.987,0.495,0.261,0.265,13.2352,4.2488,13.22,4.31,11.2468347,6.02,NA,NA,1.28,8,0.902,25,NA,NA,5149.151,NA
DJI,Djibouti,Africa,Sub-Saharan Africa,Eastern Africa,5781,5649,61,0.594,97.717,1.055,0,37.8168,0,0,0,0,0,0,415214,66.1859567,3.627739906,45.2,10.4,44.4,7.102,5.1,85,85,83,66.582,42,0,0,181.9772344,184.9267946,1.185271809,3.319253727,2985.259027,3408.846254,10.40559998,10.29500008,NA,NA,NA,NA,NA,NA,NA,NA,NA,NA,NA,3.316517919,NA,NA,NA,NA,NA,0.414,157,NA,NA,NA,NA
DMA,Dominica,Americas,Latin America and the Caribbean,Caribbean,88,83,0,0.123,94.318,NA,0,87.73568,0,0,0,0,0,47.37171483,0,0,5.573450089,0,0,0,0,11.6,99,99,92,0,32.5,5.8,0,230.2521728,371.6579524,0.145858312,NA,7788.769038,8300.375074,NA,NA,NA,NA,NA,NA,NA,NA,NA,6.4385,1.1189,NA,NA,5.87688908,NA,NA,NA,NA,NA,0.854,35,NA,NA,NA,NA
DNK,Denmark,Europe,Northern Europe,,132164,90105,1019,2.271,68.177,0.771,81.18334961,90.92146,0,0,0,0,0,40.32131673,3026441,63.63378215,7.816080093,6.5,3.8,89.7,9.5,8.3,97,0,96,80.95365854,12.7,2.5,0,NA,NA,0.684181473,0.758131573,57254.54004,59822.09296,5.596000099,4.913000107,7.6,1.383,1.573,0.996,0.592,0.252,0.41,10.3195,4.0099,10.1,4.19,10.10827944,2.42,NA,NA,0.47,2.5,0.862,34,NA,NA,111050.633,NA
DOM,Dominican Republic,Americas,Latin America and the Caribbean,Caribbean,159064,123284,2382,1.481,77.506,1.498,59.91558838,70.60614,93.77845764,93.76412964,93.79360199,98.81259155,98.86737061,17.62688592,4993453,64.99291644,0,15.8,12,72.3,6.15,8.6,89,87,96,73.892,28,5.5,7.9,15.98179467,8.146104789,2.221101479,1.81060377,7628.89656,8282.116222,6.460799885,5.84499979,5.425,1.015,1.401,0.779,0.497,0.113,0.101,1.3802,1.56,NA,NA,6.136395037,NA,NA,NA,NA,NA,0.789,51,NA,5088.824,NA,NA
DZA,Algeria,Africa,Northern Africa,,94781,62869,2659,0.22,66.331,2.805,51.36566925,0,81.40783691,75.32296753,87.42295837,97.59406281,97.25215912,43.23804074,12303926,62.89684351,0,14.8,9.5,75.7,4.716,6.7,91,91,80,76.693,30,2.8,5.2,3.422309445,3.409551317,4.599003227,1.951768211,4046.334287,3948.343279,11.39800014,11.70400047,5.211,1.002,1.16,0.785,0.086,0.073,0.114,1.5477,1.7193,NA,NA,6.374321878,NA,NA,NA,NA,NA,0.701,81,NA,NA,NA,NA
ECU,Ecuador,Americas,Latin America and the Caribbean,South America,205920,177951,13948,1.185,86.418,6.774,44.89223099,84.67039,92.82978821,92.08669281,93.77906036,99.1098175,99.40242004,23.61102403,8545537,64.92083246,4.998700142,15.1,12.8,72.2,5.109,5.5,85,85,83,76.8,27.7,8.8,14.2,16.01072072,23.19724398,1.230831145,0.266012515,6175.569094,6183.823825,3.909399986,3.967999935,6.028,0.912,1.312,0.868,0.498,0.126,0.087,2.5059,2.0368,NA,NA,8.257429302,NA,NA,NA,NA,NA,0.619,111,3438.642,NA,NA,NA
EGY,Egypt,Africa,Northern Africa,,124891,106481,7069,0.124,85.259,5.66,35.16452026,82.77635,71.16825104,65.50569153,76.49521637,89.48338318,86.81054688,46.11062591,30828413,60.88883686,0,10.2,5.8,84.1,5.817,17.2,95,95,95,71.825,31.7,4.7,12.3,22.709245,20.96793955,17.02304268,NA,3026.732977,3020.03135,11.90960007,10.76000023,4.166,0.913,1.039,0.644,0.241,0.076,0.067,1.9262,0.4521,NA,NA,5.287636817,NA,NA,NA,NA,NA,0.752,63,NA,NA,NA,NA
ERI,Eritrea,Africa,Sub-Saharan Africa,Eastern Africa,754,580,0,NA,NA,NA,3.362560034,41.57501,76.57051849,68.94618988,84.37323761,93.81867981,92.7140274,46.25943395,0,0,0,42.9,11.9,45.2,7.163,5.1,95,95,99,65.941,56.6,0,0,NA,NA,NA,NA,NA,NA,5.212799931,5.144000053,NA,NA,NA,NA,NA,NA,NA,1.4397,0.0628,NA,NA,2.870023437,NA,NA,NA,NA,NA,0.399,158,NA,NA,NA,NA
ESP,Spain,Europe,Southern Europe,,1797236,150376,48926,3.818,8.367,2.722,91.11257172,96.87779,98.43650055,97.97377777,98.92539215,99.68849945,99.74389648,48.12057936,23120097,65.77530508,4.20773983,5.1,3.5,91.4,9.1,6.9,96,96,98,83.43170732,13.1,2.5,0.2,NA,NA,0.725510826,0.699536242,28071.82928,29613.67114,17.62600002,13.95899963,6.354,1.286,1.484,1.062,0.362,0.153,0.079,5.7295,3.8723,5.87,4.02,8.873129636,2.43,NA,NA,0.36,2.97,0.972,7,NA,NA,5252.27,NA
EST,Estonia,Europe,Northern Europe,,21219,13488,170,1.6,63.566,0.801,70.36543274,94.36474,0,0,0,0,0,46.5174461,704366,63.54492294,4.973380089,2.8,4.5,92.7,11.9,4.2,91,91,88,78.24390244,26,2.5,4.5,NA,NA,1.757436119,2.277259312,20613.21509,23659.87229,5.838000011,5.114999771,5.893,1.237,1.528,0.874,0.495,0.103,0.161,11.1558,4.4833,6.29,3.48,6.429357827,3.45,NA,NA,0.53,4.69,0.714,77,NA,NA,36790.667,NA
ETH,Ethiopia,Africa,Sub-Saharan Africa,Eastern Africa,119494,102153,1846,0.107,85.488,1.545,0,30.8138,51.7711792,44.42338181,59.24145889,73.52072144,71.97251129,45.87305015,53195214,56.14686837,4.737919807,49,11.7,39.3,6.551,4.3,69,68,58,66.24,50,19.7,0,38.39542184,45.13682499,11.30996934,15.84032204,751.0427913,857.501351,2.127799988,2.08100009,4.286,0.336,1.033,0.532,0.344,0.209,0.1,0.7135,0.0769,NA,NA,3.502557427,NA,NA,NA,NA,NA,0.276,180,NA,NA,1546.862,NA
FIN,Finland,Europe,Northern Europe,,32853,22500,489,0.595,68.487,1.488,90.2617569,96.1047,0,0,0,0,0,33.07454786,2739091,61.84301383,6.376210213,1.3,5.5,93.2,9.9,5.6,91,0,96,81.73414634,12.6,2.5,0,NA,NA,0.602137124,1.02409393,46318.57457,48685.85399,8.158000088,6.59499979,7.769,1.34,1.587,0.986,0.596,0.153,0.393,14.7374,3.8118,NA,NA,9.206938744,2.8,NA,NA,0.39,3.28,0.881,31,NA,32471.421,NA,NA
FJI,Fiji,Oceania,Melanesia,,46,42,2,0.005,91.304,4.348,0,0,99.08210754,99.08583069,99.07843781,99.67990875,99.81082916,48.04623656,362720,65.0820886,0,10.1,5.4,84.4,8.208,14.7,99,99,96,67.341,37.5,3.9,0,130.6756225,125.7635977,2.888053471,1.773101825,5926.021705,6220.046421,4.235599899,4.100999832,NA,NA,NA,NA,NA,NA,NA,3.3752,NA,NA,NA,3.5007447,NA,NA,NA,NA,NA,0.653,96,NA,NA,1828.111,NA
FRA,France,Europe,Western Europe,,2516957,189403,60534,3.753,7.525,2.405,67.62465668,94.66595,0,0,0,0,0,0,30386432,61.80647185,5.451600075,6,6.4,87.6,9.2,4.8,96,91,90,82.72439024,12.9,2.5,0,NA,NA,0.8424404,1.108254923,38922.54789,40493.92857,9.459800148,8.427000046,6.592,1.324,1.472,1.045,0.436,0.111,0.183,11.4707,3.2672,10.79,3.37,11.31289229,3.0901,NA,NA,0.84,5.98,0.994,1,NA,NA,NA,NA
GAB,Gabon,Africa,Sub-Saharan Africa,Middle Africa,9400,9254,64,0.433,98.447,0.681,0,0,84.66716003,83.42397308,85.85234833,88.14196014,91.44937897,46.82883053,721924,59.27572714,0,49.9,9.1,41,6.833,6,70,70,62,66.187,62.5,16.6,9.8,47.3603726,54.84422897,2.326694371,2.464567562,7444.711592,7667.366861,20.04239998,20.00399971,4.799,1.057,1.183,0.571,0.295,0.043,0.055,2.946,0.6819,NA,NA,2.780745924,NA,NA,NA,NA,NA,0.511,139,NA,NA,NA,NA
GBR,United Kingdom,Europe,Northern Europe,,2010077,4354,67177,3.008,0.217,3.342,61.38288879,97.13247,0,0,0,0,0,44.89488226,34530463,63.79560384,5.442090034,7.7,3.5,88.8,9.3,3.9,93,93,91,81.25609756,11.8,2.5,0,NA,NA,1.593032898,1.738104601,42348.77553,42300.26713,4.459200096,3.851000071,7.054,1.333,1.538,0.996,0.45,0.348,0.278,8.1723,2.8117,7.78,2.95,9.631694108,2.114,NA,NA,0.38,2.54,0.925,18,NA,NA,51714.449,NA
GEO,Georgia,Asia,Western Asia,,206907,175842,2055,5.561,84.986,0.993,63.91550064,95.94754,99.36425781,99.2947464,99.43752289,99.76824951,99.49365234,46.49618609,2032911,64.90751896,3.52105999,2.7,3.6,93.7,12.849,5.8,94,94,99,73.6,23.6,8.2,0,134.8186673,158.0389799,3.928393106,4.852898217,4385.066219,4769.186543,15.04640007,14.39799976,4.519,0.886,0.666,0.752,0.346,0.043,0.164,4.7293,7.1201,NA,NA,7.601659,NA,NA,NA,NA,NA,0.615,114,NA,NA,NA,NA
GHA,Ghana,Africa,Sub-Saharan Africa,Western Africa,53653,52331,331,0.176,97.536,0.617,17.23296928,57.24406,79.03964233,74.47438812,83.52458191,92.76100159,92.2085495,0,12917053,59.53780569,3.989439964,47.5,9.8,42.7,7.309,2.5,97,97,92,63.78,66.9,6.5,23.8,46.07021939,35.85333181,12.39224275,7.175922847,2021.120124,2202.115567,4.993400002,4.330999851,4.996,0.611,0.868,0.486,0.381,0.245,0.04,4.2001,0.1359,NA,NA,3.262370452,NA,NA,NA,NA,NA,0.522,135,NA,2717.183,NA,NA
GIN,Guinea,Africa,Sub-Saharan Africa,Western Africa,13532,12905,80,0.106,95.367,0.591,0,0,0,0,0,0,0,44.01647371,4444072,53.60810527,2.315939903,55.7,9.2,35.1,8.452,2.4,47,47,47,61.185,74.4,0,92.7,46.5267073,47.57409755,9.441046492,9.470779373,881.2457168,1064.131237,4.337400055,4.296000004,4.534,0.38,0.829,0.375,0.332,0.207,0.086,0.1238,0.0832,NA,NA,4.123086855,NA,NA,NA,NA,NA,0.385,161,NA,NA,NA,NA
GMB,Gambia,Africa,Sub-Saharan Africa,Western Africa,3786,3656,123,0.161,96.566,3.249,0,0,50.77796936,41.57701874,61.76725006,70.74347687,64.44683075,47.73789098,779181,53.31195644,2.420300007,54.8,10.9,34.3,7.887,1.9,88,88,85,61.735,75.7,11.9,59.6,74.96044296,102.0261396,7.141616382,7.115676256,694.7942935,751.2946884,9.156199837,9.055999756,4.516,0.308,0.939,0.428,0.382,0.269,0.167,NA,NA,NA,NA,3.282071277,NA,NA,NA,NA,NA,0.482,146,NA,NA,NA,NA
GNQ,Equatorial Guinea,Africa,Sub-Saharan Africa,Middle Africa,5214,5064,85,0.385,97.123,1.63,0,0,0,0,0,0,0,43.78430524,529729,60.6186937,0,53.4,10.7,35.9,9.323,6,53,53,53,58.402,64,0,0,4.455170995,4.217043257,1.284550443,1.238698602,9695.565902,8131.923888,6.505599976,6.433000088,NA,NA,NA,NA,NA,NA,NA,0.5024,0.4017,NA,NA,3.107094206,NA,NA,NA,NA,NA,0.337,171,NA,NA,NA,NA
GRC,Greece,Europe,Southern Europe,,130485,93764,4102,1.218,17.683,3.144,142.8520355,93.34588,97.93595123,97.39409637,98.50704956,99.26000214,99.06999969,0,4776602,64.16193128,0,10.9,2.9,86.2,11.2,4.7,99,96,97,81.78780488,13.9,2.5,0.4,NA,NA,-0.112369182,0.252978044,19024.25859,19582.53601,21.29080009,17.23800087,5.287,1.181,1.156,0.999,0.067,0,0.034,3.6331,5.4789,3.37,NA,8.041390032,3.6028,NA,NA,0.74,4.21,0.933,14,NA,19058.215,NA,NA
GRD,Grenada,Americas,Latin America and the Caribbean,Caribbean,94,41,0,0.084,43.617,NA,104.561882,87.72998,0,0,0,0,0,0,0,66.60535879,3.173799992,11.9,6.8,81.3,9.576,10.7,92,94,94,72.384,34,0,0,198.0940035,275.4499683,0.711875621,NA,10065.89425,10965.51316,NA,NA,NA,NA,NA,NA,NA,NA,NA,6.2837,1.4067,NA,NA,4.75711748,NA,NA,NA,NA,NA,0.689,85,NA,NA,NA,NA
GTM,Guatemala,Americas,Latin America and the Caribbean,Central America,132595,120715,4624,0.799,91.04,3.487,21.78329086,43.77665,0,0,0,0,0,40.52920021,6847286,61.21168353,3.212199926,25.1,15.7,59.2,4.738,10,85,86,90,74.063,36.5,16.1,20.1,21.66954926,24.07972159,3.742708945,3.69998398,4342.453806,4619.987097,2.482399988,2.459000111,6.436,0.8,1.269,0.746,0.535,0.175,0.078,0.0737,0.3549,NA,NA,5.813843757,NA,NA,NA,NA,NA,0.713,78,2835.039,NA,NA,NA
GUY,Guyana,Americas,Latin America and the Caribbean,South America,6105,5305,159,0.78,86.896,2.604,0,0,0,0,0,0,0,44.17568125,316951,65.35848517,5.493579865,20,12.4,67.6,7.456,11.6,99,99,98,69.774,37.9,5.7,0,108.0696574,131.5012534,1.021800733,2.087230892,4748.432794,5468.356629,11.97220001,11.85200024,NA,NA,NA,NA,NA,NA,NA,1.0398,0.8023,NA,NA,4.945509881,NA,NA,NA,NA,NA,0.554,128,NA,NA,NA,NA
HND,Honduras,Americas,Latin America and the Caribbean,Central America,116212,54002,3023,1.192,46.469,2.601,26.16422081,43.77822,87.20523834,87.26555634,87.13764191,94.89199066,98.18509674,45.34415787,4614041,64.01238565,6.06746006,14,19.6,66.5,4.437,7.3,87,87,87,75.088,31.4,13.8,34.1,57.4322382,68.83217506,3.706005047,4.365871598,2435.840574,2574.912191,5.887199974,5.386000156,5.86,0.642,1.236,0.828,0.507,0.246,0.078,0.7357,0.3089,NA,NA,7.858425379,NA,NA,NA,NA,NA,0.544,131,NA,NA,NA,NA
HRV,Croatia,Europe,Southern Europe,,192987,169768,3101,4.745,87.969,1.607,67.65422821,92.39267,0,0,0,0,0,47.33167329,1778668,64.57764368,3.917129993,2.3,5.3,92.4,12.9,5.4,94,93,93,78.07073171,27.1,2.5,0.2,NA,NA,0.362363691,0.771820346,13465.83048,14853.23984,11.17059984,6.934999943,5.432,1.155,1.266,0.914,0.296,0.119,0.022,8.1224,2.9996,NA,NA,6.789133698,3.505,NA,NA,NA,NA,0.812,43,13947.017,NA,NA,NA
HTI,Haiti,Americas,Latin America and the Caribbean,Caribbean,9674,8336,234,0.086,86.169,2.419,0,0,61.69134903,58.30052185,65.27764893,83.35350037,82.63482666,45.53041554,5080581,62.07774305,2.780469894,30.3,12.6,57.1,8.534,6.7,51,51,65,63.66,58.2,48.2,58,95.55516406,89.19664891,12.0200061,18.70378257,787.9374583,754.5879177,13.7907999,13.78100014,3.597,0.323,0.688,0.449,0.026,0.419,0.11,0.6798,0.2343,NA,NA,8.035501093,NA,NA,NA,NA,NA,0.517,138,NA,NA,NA,NA
HUN,Hungary,Europe,Eastern Europe,,300022,93323,7914,3.071,31.105,2.638,50.30653,89.27911,0,0,0,0,0,36.92503918,4720629,65.87232267,4.667099953,1.8,4.4,93.8,13.4,6.9,99,0,99,76.06585366,26.6,2.5,0.8,NA,NA,1.774040344,3.338586354,14545.61347,16475.74184,4.638199997,3.398999929,5.758,1.201,1.41,0.828,0.199,0.081,0.02,6.9157,3.4075,6.62,3.38,6.879989803,4.2709,NA,NA,0.87,7.02,0.743,66,NA,NA,14294.71,NA
IDN,Indonesia,Asia,South-eastern Asia,,657948,536260,19659,0.243,81.505,2.988,36.31103897,78.73112,95.65856171,93.99217987,97.33133698,99.71748352,99.69625092,42.23519889,134776525,67.73457784,3.583600044,20.7,6,73.3,6.465,6.3,85,85,88,71.509,36.8,9,15.9,0.516115939,3.543704128,3.985331485,3.03058665,3752.321661,4135.569263,4.439599991,4.686999798,5.192,0.931,1.203,0.66,0.491,0.498,0.028,2.4149,0.4269,NA,NA,2.989054471,NA,0.027,NA,NA,NA,0.66,92,1017.19,NA,NA,NA
IND,India,Asia,Southern Asia,,10031223,9580402,145477,0.734,95.506,1.45,28.57290077,0,74.37299347,65.79080963,82.36670685,92.99297333,90.16941071,0,494261426,67.00381119,0,26,11.3,62.7,7.234,10.4,91,91,95,69.416,57.3,14,26.7,2.191628368,1.814245559,5.164946852,7.659694743,1885.96593,2104.1459,5.436000061,5.355000019,4.015,0.755,0.765,0.588,0.498,0.2,0.085,1.7271,0.8571,1.5,0.78,3.534959629,NA,0.023,NA,NA,0.53,0.617,112,3.104,8279.553,NA,NA
IRL,Ireland,Europe,Northern Europe,,78776,23364,2154,1.594,29.659,2.734,77.28288269,98.6613,0,0,0,0,0,19.53454492,2418323,64.62679429,3.506860018,5.1,4.3,90.6,6.4,3.2,94,93,91,82.25609756,12.5,2.5,0,NA,NA,0.297274694,0.939044481,70459.40735,78660.95646,7.131999874,4.927999973,7.021,1.499,1.553,0.999,0.516,0.298,0.31,16.0996,3.3125,12.88,3.34,7.184383273,2.77,NA,NA,0.34,2.96,0.924,19,NA,NA,42639.607,NA
IRN,Iran,Asia,Southern Asia,,1152072,875943,53448,1.389,76.032,4.639,62.78507996,81.37533,85.54425049,80.78743744,90.35240936,98.26796722,97.92513275,13.47968445,27903015,68.98681989,3.955359936,7.9,10.1,81.9,4.843,9.6,99,99,99,76.479,28.2,4.7,13.6,1.5375251,2.027743883,17.13929907,39.90734557,5226.020836,NA,11.80240021,11.38199997,4.548,1.1,0.842,0.785,0.305,0.27,0.125,2.6286,1.5844,NA,NA,8.659663796,NA,0.046,NA,NA,NA,0.659,93,NA,NA,6073.323,NA
IRQ,Iraq,Asia,Western Asia,,583118,519005,12680,1.483,89.005,2.175,0,0,85.59999847,79.90000153,91.19999695,94.90000153,92.09999847,47.24201249,10475720,58.58053961,0,16.8,28.4,54.7,4.776,8.8,84,84,82,70.454,24.1,23.7,0,56.24722511,59.84009089,0.625338018,NA,5352.21861,5955.10901,12.04740009,12.82199955,4.437,1.043,0.98,0.574,0.241,0.148,0.089,2.0448,0.7079,NA,NA,4.166630283,NA,NA,NA,NA,NA,0.637,103,NA,8059.003,NA,NA
ISL,Iceland,Europe,Northern Europe,,5621,5467,28,1.556,97.26,0.498,73.1032486,91.2734,0,0,0,0,0,47.42338978,217840,65.16070802,7.658219814,4.4,5.8,89.8,6.4,5.8,91,0,93,82.86097561,12.4,2.5,0.1,NA,NA,2.157457654,3.013971792,65051.14043,66944.82551,3.049000025,2.842000008,7.494,1.38,1.624,1.026,0.591,0.354,0.118,16.2132,4.0778,15.52,3.93,8.326291293,2.37,NA,NA,0.37,2.91,0.932,15,NA,NA,75596.609,NA
ISR,Israel,Asia,Western Asia,,372886,345590,3074,4.119,92.68,0.824,61.47687149,98.63822,0,0,0,0,0,42.58287788,4181133,59.90575367,6.092619896,10,4.1,85.8,5,9.7,98,96,98,82.80243902,13.4,2.5,0.9,NA,NA,0.144756117,0.841596534,39800.2809,43641.39774,4.424599981,3.861000061,7.139,1.276,1.455,1.029,0.371,0.261,0.082,5.7002,4.6249,5.03,3.22,7.407464087,2.19,NA,NA,0.4,2.99,0.884,28,NA,NA,65173.651,NA
ITA,Italy,Europe,Southern Europe,,1938083,1249470,68447,3.214,64.469,3.532,64.29161835,94.66346,99.15576172,98.9719162,99.35344696,99.91999817,99.94999695,45.953466,25946128,63.82120584,4.044939995,4.9,3.8,91.4,10.5,5,95,95,94,83.34634146,13.3,2.5,0.1,NA,NA,0.584008298,0.611246944,32257.26236,33189.5658,11.05839996,9.887000084,6.223,1.294,1.488,1.039,0.231,0.158,0.03,5.7401,3.9774,6.73,4.02,8.840259165,2.6247,NA,NA,0.09,3.18,0.991,2,21873.757,NA,36598.814,NA
JAM,Jamaica,Americas,Latin America and the Caribbean,Caribbean,12135,8812,285,0.412,72.616,2.349,27.13060951,73.96802,0,0,0,0,0,18.12178057,1488632,67.54638893,5.16918993,11.2,8.7,80,7.573,11.3,96,96,94,74.368,27.7,8.7,11.3,23.54993943,33.66094779,3.610585723,3.909646229,5151.305334,5582.263778,11.08859997,8.001999855,5.89,0.831,1.478,0.831,0.49,0.107,0.028,0.8068,1.3061,NA,NA,5.988416821,NA,NA,NA,NA,NA,0.782,53,NA,4070.29,NA,NA
JOR,Jordan,Asia,Western Asia,,272797,239126,3545,2.701,87.657,1.3,34.41532135,62.59678,98.22711182,97.83207703,98.61421204,99.19612122,99.49391174,44.02394995,2637892,62.54434157,3.072530031,10.7,10.9,78.4,3.864,12.7,89,89,87,74.405,31.1,8.5,6.8,275.4288977,253.510161,1.378487557,0.761514047,4188.824275,4330.329346,14.6277998,14.71500015,4.906,0.837,1.225,0.815,0.383,0.11,0.13,2.8212,2.3237,NA,NA,8.119250834,NA,NA,NA,NA,NA,0.698,83,NA,NA,9054.644,NA
JPN,Japan,Asia,Eastern Asia,,196815,163152,2749,0.156,82.896,1.397,0,0,0,0,0,0,0,48.02623927,68139088,59.4249197,3.182179928,12.7,4.8,82.4,11,5.6,98,99,96,84.21097561,13.2,2.5,0,NA,NA,0.519388065,0.476973684,38215.82057,40246.88013,2.798199987,2.290999889,5.886,1.327,1.419,1.088,0.445,0.069,0.14,12.1531,2.4115,11.76,2.49,10.93593314,NA,0.073,NA,NA,NA,0.957,10,2345.72,NA,NA,NA
KAZ,Kazakhstan,Asia,Central Asia,,190969,162959,2621,1.031,85.333,1.372,61.74975967,99.83989,99.78163147,99.73899078,99.8296814,99.94013977,99.85090637,49.03642339,9053149,63.46640612,2.615950108,4.5,9.5,86,7.14,6.1,97,97,99,73.15,29.3,2.5,0.3,4.197860118,4.138101029,7.983282409,5.245476796,9403.388335,9731.145207,4.840999985,4.590000153,5.809,1.173,1.508,0.729,0.41,0.146,0.096,NA,NA,NA,NA,3.125361726,NA,0.213,NA,NA,NA,0.752,64,NA,NA,28068.168,NA
KEN,Kenya,Africa,Sub-Saharan Africa,Eastern Africa,94151,75559,1633,0.179,80.253,1.734,11.46471024,0,81.53497314,78.1889267,84.98883057,87.58999634,88.08000183,38.42744303,23879160,58.38279903,5.306250095,63.3,9.6,27.1,5.469,3.1,92,92,89,66.342,41.1,23,46.1,50.17071835,48.4188393,6.39371862,NA,1568.856027,1816.546916,2.704599953,2.64199996,4.509,0.512,0.983,0.581,0.431,0.372,0.053,1.1656,0.1565,NA,NA,4.802543297,NA,NA,NA,NA,NA,0.505,140,NA,1036.682,NA,NA
KGZ,Kyrgyzstan,Asia,Central Asia,,78911,72459,1328,1.222,91.824,1.683,42.32133865,84.38733,99.58599854,99.49971771,99.67700958,99.69000244,99.80999756,48.37876715,2607613,62.8980104,6.026189804,9.6,7.7,82.7,5.2,6.1,95,95,96,71.4,38.3,6.4,33.5,92.66134092,65.41563632,2.548750116,1.133622577,1220.41043,1309.392992,6.789999962,6.329999924,5.261,0.551,1.438,0.723,0.508,0.3,0.023,NA,NA,NA,NA,6.185863167,NA,NA,NA,NA,NA,0.455,151,NA,NA,NA,NA
KHM,Cambodia,Asia,South-eastern Asia,,362,345,0,0.002,95.304,NA,14.73896027,0,80.52648926,75.03386688,86.53244019,91.86412048,92.57328033,0,9350230,64.18303487,2.162859917,25.6,10,64.4,5.997,6.4,92,92,84,69.57,54.4,14.5,0,48.64988857,47.29658778,2.403893573,NA,1394.600851,1643.121389,0.62420001,0.676999986,4.7,0.574,1.122,0.637,0.609,0.232,0.062,0.6855,NA,NA,NA,5.918841809,NA,NA,NA,NA,NA,0.322,174,NA,NA,NA,NA
KNA,Saint Kitts and Nevis,Americas,Latin America and the Caribbean,Caribbean,30,24,0,NA,NA,NA,86.68148804,98.00256,0,0,0,0,0,42.10972143,0,0,2.643460035,0,0,0,0,13.3,96,97,97,0,0,0,0,NA,NA,-0.832779546,NA,19033.65226,19896.4957,NA,NA,NA,NA,NA,NA,NA,NA,NA,NA,NA,NA,NA,5.03680706,NA,NA,NA,NA,NA,0.643,100,NA,NA,NA,NA
KWT,Kuwait,Asia,Western Asia,,147775,143641,918,3.513,97.203,0.621,55.30754852,86.52941,96.05647278,94.905159,96.66645813,98.7767868,99.50354767,41.70691539,2424991,75.66632272,0,14.8,12.8,72.4,2.696,12.2,91,91,98,75.398,25.3,2.5,0,NA,NA,2.055382717,1.091848027,30661.67893,32031.9801,2.083200002,2.181999922,6.021,1.5,1.319,0.808,0.493,0.142,0.097,7.4145,NA,NA,NA,5.291384831,NA,NA,NA,NA,NA,0.81,45,NA,NA,31172.58,NA
LAO,Laos,Asia,South-eastern Asia,,41,36,0,0.001,87.805,NA,14.45331001,60.0122,84.66104126,79.39103699,89.96128082,94.4043808,90.50106812,24.45670117,3808740,63.53301611,0,31.4,8.9,59.6,6.434,6.4,68,68,69,67.61,43.8,0,32,69.75668631,80.03390397,1.812491482,3.322813937,2388.948657,2534.898277,0.659799993,0.625999987,4.796,0.764,1.03,0.551,0.547,0.266,0.164,0.9522,0.3726,NA,NA,2.528086863,NA,0.021,NA,NA,NA,0.356,165,NA,NA,NA,NA
LBN,Lebanon,Asia,Western Asia,,156570,110535,1270,2.284,70.598,0.811,0,0,95.06944275,93.30500793,96.85466003,99.66274261,99.83898163,47.45102255,2398864,67.15448853,0,3.6,5.8,90.6,4.356,11.2,83,80,82,78.875,25,5.7,0.7,169.1500377,207.2777852,1.774245177,3.005389494,7776.947712,7784.316857,6.252600002,6.229000092,5.197,0.987,1.224,0.815,0.216,0.166,0.027,1.6735,2.1038,NA,NA,8.195544034,NA,NA,NA,NA,NA,0.664,91,NA,NA,NA,NA
LBR,Liberia,Africa,Sub-Saharan Africa,Western Africa,1779,1406,83,0.036,79.033,4.666,0,15.69147,48.30136108,34.09225845,62.69655991,64.95713043,45.63871002,34.04042752,2232405,55.96138757,2.584120035,58.5,10,31.4,7.538,2.4,74,74,85,63.73,68.6,37.5,72.1,169.5549169,118.4380004,13.14152321,NA,684.5848293,621.8929536,2.781999969,2.813999891,3.975,0.073,0.922,0.443,0.37,0.233,0.033,0.5321,NA,NA,NA,8.155337721,NA,NA,NA,NA,NA,0.2,186,NA,NA,NA,NA
LBY,Libya,Africa,Northern Africa,,93772,63886,1346,1.384,68.129,1.435,0,0,0,0,0,0,0,45.30312394,2422261,67.47348414,0,8,20.1,71.9,5.095,10.2,73,73,73,72.724,28.8,0,0,39.25206537,45.41543082,NA,NA,5938.136953,7683.750611,18.6656002,18.56299973,5.525,1.044,1.303,0.673,0.416,0.133,0.152,6.5305,2.0905,NA,NA,NA,NA,NA,NA,NA,NA,0.683,87,NA,NA,NA,NA
LCA,Saint Lucia,Americas,Latin America and the Caribbean,Caribbean,282,253,5,NA,NA,NA,15.37464046,81.31252,0,0,0,0,0,41.75147474,100322,71.75392527,3.331799984,9.7,8.3,82,7.205,11.6,92,92,96,76.057,35.3,0,0,80.35642826,46.73179796,-0.505104656,NA,10894.49266,11611.41545,21.60139999,20.70599937,NA,NA,NA,NA,NA,NA,NA,3.1547,0.6409,NA,NA,4.545886815,NA,NA,NA,NA,NA,0.74,68,NA,NA,NA,NA
LIE,Liechtenstein,Europe,Western Europe,,1711,1424,25,4.5,83.226,1.461,38.30027008,85.94145,0,0,0,0,0,34.70717313,0,0,0,0,0,0,7.2,9.4,0,0,0,83.04146341,0,0,0,NA,NA,NA,NA,168758.7273,NA,NA,NA,NA,NA,NA,NA,NA,NA,NA,NA,NA,NA,NA,NA,2.3971,NA,NA,NA,NA,NA,NA,NA,NA,NA,NA
LKA,Sri Lanka,Asia,Southern Asia,,36667,27552,171,0.168,75.141,0.466,21.12770081,91.03783,91.70982361,90.79560089,92.77292633,98.50948334,99.04459381,30.27092982,8938985,65.20473221,2.124209881,7.5,9.7,82.8,6.651,10.7,99,99,99,76.812,25.6,7.6,18.3,13.04292752,-11.90447629,4.218965059,3.528393582,3948.153342,3853.083693,4.251599979,4.197999954,4.366,0.949,1.265,0.831,0.47,0.244,0.047,2.1803,1.0041,NA,NA,3.8114205,NA,0.023,NA,NA,NA,0.716,76,NA,NA,2965.953,NA
LSO,Lesotho,Africa,Sub-Saharan Africa,Southern Africa,2546,1445,48,0.12,56.756,1.885,10.19626045,41.35206,0,0,0,0,0,43.59821898,974311,62.60725706,6.985189915,59.3,8.3,32.3,14.246,4.5,87,87,90,53.705,50.4,32.6,43.4,58.02670795,72.02584864,4.840307205,5.187083592,1145.041544,1157.535164,24.04080009,23.40500069,3.802,0.489,1.169,0.168,0.359,0.107,0.093,3.2567,NA,NA,NA,8.763158321,NA,NA,NA,NA,NA,0.266,183,NA,NA,NA,NA
LTU,Lithuania,Europe,Northern Europe,,109429,50587,1005,3.927,46.228,0.918,73.7303009,98.42562,0,0,0,0,0,45.90483871,1457292,64.70613601,3.812829971,3.6,6.6,89.8,14.1,3.8,92,92,93,75.6804878,25.5,2.5,2.9,NA,NA,1.755350693,2.33450938,16933.46112,19455.45413,7.31079998,6.352000237,6.149,1.238,1.515,0.818,0.291,0.043,0.042,9.8472,6.3528,7.78,4.6,6.457564235,5.472,NA,NA,0.99,6.56,0.722,73,NA,NA,51827.097,NA
LUX,Luxembourg,Europe,Western Europe,,43728,35237,434,7.054,80.582,0.992,18.59046936,83.58238,0,0,0,0,0,49.95880387,310000,70.01781628,3.569590092,4.9,6.7,88.4,7.1,5,99,96,99,82.29512195,12.6,2.5,0,NA,NA,1.153578417,1.743320757,108928.1788,114704.5942,5.885999966,5.362999916,7.09,1.609,1.479,1.012,0.526,0.194,0.316,12.1744,3.009,11.72,2.98,5.481074378,3.7,NA,NA,0.74,4.51,0.928,16,NA,NA,220281.68,NA
LVA,Latvia,Europe,Northern Europe,,30297,20534,427,1.584,67.776,1.409,93.02448273,93.79965,99.88931274,99.90640259,99.86837006,99.77999878,99.86000061,48.42463495,983102,63.35573279,4.397119999,2.7,5.4,91.8,15,5,99,99,99,74.78292683,26.1,2.5,8.7,NA,NA,1.718220429,2.811409201,15816.11599,17836.36489,8.432600021,6.519999981,5.94,1.187,1.465,0.812,0.264,0.075,0.064,4.7517,3.1905,4.35,3.3,5.955661833,3.3,NA,NA,1.25,5.57,0.63,105,NA,NA,33659.303,NA
MAR,Morocco,Africa,Northern Africa,,415226,375623,6909,1.138,90.462,1.664,38.54533005,64.4924,73.75000763,64.59137726,83.30135345,98.04000092,97.40000153,0,12067484,65.73002807,0,14,6.4,79.6,5.06,7,99,99,99,76.453,34,4.3,15.2,51.69277071,22.52760042,1.211381286,0.196065521,3046.919776,3204.095003,9.208800125,9.019000053,5.208,0.801,0.782,0.782,0.418,0.036,0.076,1.3887,0.7308,NA,NA,5.245200172,NA,NA,NA,NA,NA,0.882,29,10977.17,NA,NA,NA
MCO,Monaco,Europe,Western Europe,,723,616,3,1.856,85.201,0.415,0,0,0,0,0,0,0,49.56111479,0,0,1.457929969,0,0,0,6.6,2.9,99,99,88,0,0,0,0,NA,NA,NA,NA,172346.5606,NA,NA,NA,NA,NA,NA,NA,NA,NA,NA,NA,NA,NA,NA,1.772702299,NA,NA,NA,NA,NA,0.943,13,NA,NA,NA,NA
MDA,Moldova,Europe,Eastern Europe,,134578,117002,2727,5.064,86.94,2.026,39.21459961,77.95594,0,0,0,0,0,48.89570115,963122,72.09718982,5.439730167,4.2,5.7,90.1,11.61,5.7,91,94,97,71.808,26.3,0,6.4,111.6569443,85.33843721,6.097723355,4.837783514,3571.02205,4498.52085,4.085599995,5.47300005,5.529,0.685,1.328,0.739,0.245,0.181,0,4.9235,3.2066,NA,NA,7.012950629,NA,NA,NA,NA,NA,0.639,101,NA,NA,NA,NA
MDG,Madagascar,Africa,Sub-Saharan Africa,Eastern Africa,17587,16992,259,0.065,96.617,1.473,5.350490093,29.84739,74.80432129,72.38408661,77.27513885,81.719841,80.67803192,20.2331051,13851504,56.58909589,2.825489998,46.2,10.6,43.2,6.055,4.5,79,79,69,66.681,48.8,41.7,86,26.92359216,26.29503963,7.250749016,5.610514415,501.6409354,522.2198092,1.744000006,1.758000016,3.933,0.274,0.916,0.555,0.148,0.169,0.041,0.146,NA,NA,NA,5.502038077,NA,NA,NA,NA,NA,0.397,159,NA,NA,180.284,NA
MDV,Maldives,Asia,Southern Asia,,13474,12878,48,2.538,95.577,0.356,31.22359085,0,97.7349472,98.11470795,97.29892731,98.39115143,99.08863068,20.29691229,296776,76.44932791,4.099709988,8,7.6,84.4,2.814,9.2,99,99,99,78.627,39,0,0,94.0848297,230.9888049,0.851659785,0.220029731,9780.885848,10790.50024,5.950999928,6.138000011,NA,NA,NA,NA,NA,NA,NA,6.4282,4.5627,NA,NA,9.029976279,NA,NA,NA,NA,NA,0.477,147,NA,46001.773,NA,NA
MEX,Mexico,Americas,Latin America and the Caribbean,Central America,1313675,971115,117876,1.03,73.924,8.973,41.52280045,81.15596,95.37991333,94.60804749,96.23290253,99.24864197,99.38847351,0,57142190,66.39822125,4.522819996,9.8,10.3,79.9,6.01,13.5,82,56,73,74.992,28.2,7.1,4,5.258537568,4.277649711,4.023823462,3.635961421,9432.128587,9863.072699,3.660000038,3.424999952,6.595,1.07,1.323,0.861,0.433,0.074,0.073,2.3961,2.3827,2.87,2.44,5.516541377,1.38,NA,NA,0.03,1.38,0.755,61,1819.268,NA,NA,NA
MHL,Marshall Islands,Oceania,Micronesia,,4,4,0,0.007,100,NA,25.82278061,55.85237,0,0,0,0,0,37.05434265,0,0,0,0,0,0,0,30.5,79,82,85,0,36.1,0,0,871.2119686,922.0550324,NA,NA,3535.617816,NA,NA,NA,NA,NA,NA,NA,NA,NA,NA,3.339,NA,NA,NA,16.40294045,NA,NA,NA,NA,NA,0.504,141,NA,NA,NA,NA
MLI,Mali,Africa,Sub-Saharan Africa,Western Africa,6164,3794,220,0.031,61.551,3.569,5.503170013,29.92706,35.47377014,25.73516083,46.18413925,57.83325958,43.39810944,40.83156001,7335419,50.20017519,3.787309885,60.6,8.9,30.5,9.686,2.4,77,77,70,58.893,83.4,5.1,55.4,72.12823188,78.21911302,0.010436099,-1.658266948,830.6542795,890.7372855,7.38920002,7.223999977,4.39,0.385,1.105,0.308,0.327,0.153,0.052,0.3585,0.1286,NA,NA,3.793985024,NA,NA,NA,NA,NA,0.361,163,NA,NA,NA,NA
MLT,Malta,Europe,Southern Europe,,11621,9881,187,2.312,85.027,1.609,59.25175858,92.96077,94.50318909,95.98872375,93.00997162,99.05695343,99.56088257,40.48256769,243422,64.8540325,4.824379921,6.4,3.2,90.5,7.6,8.3,98,98,96,82.44878049,13.3,2.5,0.1,NA,NA,1.181497832,1.642060018,27184.86717,29416.23061,4.251200008,3.47300005,6.726,1.3,1.52,0.999,0.564,0.375,0.151,9.4833,NA,NA,NA,9.340999275,3.1752,NA,NA,NA,NA,0.978,5,NA,NA,100657.141,NA
MNE,Montenegro,Europe,Southern Europe,,43709,33788,624,7.026,77.302,1.428,54.17481995,89.07485,98.84718323,98.27134705,99.45046997,99.23000336,98.97000122,45.80810292,277234,66.46061145,0,1.4,3.5,95,10.682,9,86,72,42,76.77,26.9,2.5,0.5,179.6258114,248.8480833,1.567189755,NA,7807.261871,8832.036836,16.27919998,14.88300037,5.523,1.051,1.361,0.871,0.197,0.142,0.08,5.2294,2.7557,NA,NA,NA,NA,NA,NA,NA,NA,NA,NA,NA,NA,NA,NA
MNG,Mongolia,Asia,Eastern Asia,,961,509,0,0.03,52.966,NA,65.59544373,0,98.42311859,98.64888763,98.18601227,98.19000244,99.08000183,0,1331891,65.01238541,4.088590145,9.7,10.6,79.7,6.316,4.7,98,98,98,69.689,30.3,21.3,0,128.6632493,104.6398252,4.979437486,7.304815975,3935.673937,4295.235025,6.144000149,6.011000156,5.285,0.948,1.531,0.667,0.317,0.235,0.038,3.8938,2.8592,NA,NA,4.002301022,NA,0.088,NA,NA,NA,0.483,145,NA,NA,NA,NA
MOZ,Mozambique,Africa,Sub-Saharan Africa,Eastern Africa,17477,15451,147,0.058,88.408,0.841,7.312550068,19.27829,60.65542984,50.29513931,72.59944916,77.26016998,65.48976898,31.56325381,13193108,52.75355334,5.499849796,65.3,7.8,26.9,8.544,3.3,88,88,87,60.163,60.2,32.6,70.4,65.44783754,61.696243,8.554889919,2.781106312,494.1925107,491.8047231,3.319000006,3.240999937,4.466,0.204,0.986,0.39,0.494,0.197,0.138,0.6847,0.0838,NA,NA,4.94119823,NA,NA,NA,NA,NA,0.26,184,NA,NA,NA,695.069
MRT,Mauritania,Africa,Sub-Saharan Africa,Western Africa,12278,8545,273,0.271,69.596,2.223,5.763249874,30.97658,53.49758911,43.35438919,63.74855042,70.9363327,56.7607193,39.45012568,1248249,56.95484186,1.89546001,53.4,9.4,37.2,7.222,7.1,81,81,78,64.704,67.9,11.9,47,78.20604427,101.5552116,2.469550375,2.300092621,1583.567385,1677.919253,9.607800102,9.548000336,4.49,0.57,1.167,0.489,0.066,0.106,0.088,0.9252,0.1865,NA,NA,4.403151572,NA,NA,NA,NA,NA,0.384,162,NA,NA,983.397,NA
MUS,Mauritius,Africa,Sub-Saharan Africa,Eastern Africa,524,489,10,0.041,93.321,1.908,40.59603882,84.30832,91.32539368,89.36637878,93.35735321,98.7379837,99.35341644,48.75130427,610685,70.74156394,4.719349861,6.5,4.8,88.7,8.5,22,96,97,99,74.41634146,39.1,5.3,1.7,38.58202308,52.7146438,1.910586178,0.40565519,10367.74844,11203.54058,6.861399937,6.673999786,5.888,1.12,1.402,0.798,0.498,0.215,0.06,3.5152,2.5331,NA,NA,5.718720704,NA,NA,NA,NA,NA,0.691,84,NA,NA,NA,NA
MWI,Malawi,Africa,Sub-Saharan Africa,Eastern Africa,6153,5662,187,0.033,92.02,3.039,0,34.23885,62.14353943,55.20410919,69.75396729,72.49172211,73.38580322,38.3776623,8079230,53.88928735,4.714839935,59.7,8.6,31.7,6.597,4.5,95,95,92,63.798,59.2,18.8,100,69.58569525,70.05169511,15.38257377,9.370836056,369.1806521,411.5523404,5.724600029,5.652999878,3.41,0.191,0.56,0.495,0.443,0.218,0.089,0.4386,0.0358,NA,NA,9.648231417,NA,NA,NA,NA,NA,0.251,185,NA,320.978,NA,NA
MYS,Malaysia,Asia,South-eastern Asia,,91969,76242,433,0.288,82.9,0.471,43.06161118,72.21113,94.85440826,93.50482941,96.12304688,96.69582367,97.0185318,46.17945064,15673198,69.38424954,4.163189888,17.5,8.9,73.6,5.09,16.7,98,97,97,75.997,30.8,3,7.9,-0.637958688,-1.207792923,1.922751716,0.662891866,10563.05754,11414.83766,3.324799967,3.323999882,5.339,1.221,1.171,0.828,0.508,0.26,0.024,3.4676,NA,NA,NA,3.859398142,NA,0.034,NA,NA,NA,0.802,49,8891.154,NA,NA,NA
NAM,Namibia,Africa,Sub-Saharan Africa,Southern Africa,18437,15849,171,0.739,85.963,0.927,22.88816071,0,91.52726746,91.43643188,91.62741852,94.10936737,96.19844055,45.71422482,937006,59.48603545,0,49.3,9.8,40.9,8.057,4.5,87,87,80,63.373,47.1,14.7,25.1,74.43395011,61.28038083,4.856476548,3.722394144,5029.73313,4957.458006,21.19160004,20.27300072,4.639,0.879,1.313,0.477,0.401,0.07,0.056,1.954,0.4182,NA,NA,8.550956845,NA,NA,NA,NA,NA,0.34,168,NA,5441.68,NA,NA
NER,Niger,Africa,Sub-Saharan Africa,Western Africa,2612,1406,86,0.011,53.828,3.292,4.228240013,20.06691,35.04999924,26.64999962,43.59405899,51.06999969,35.56000137,44.94144545,8423258,47.56111943,3.547209978,62.7,10.4,27,8.268,2.4,81,81,79,62.024,77.3,0,93.4,49.3803101,53.30493776,0.87039661,-2.489792651,524.2148408,554.6009687,0.49059999,0.474999994,4.628,0.138,0.774,0.366,0.318,0.188,0.102,0.2695,0.0433,NA,NA,7.739962637,NA,NA,NA,NA,NA,0.337,170,NA,NA,NA,NA
NGA,Nigeria,Africa,Sub-Saharan Africa,Western Africa,77933,67784,1218,0.039,86.977,1.563,0,0,62.01601028,52.65647888,71.25570679,81.5806427,68.26262665,38.58086574,59873566,53.56938646,0,62.7,8.3,29,11.86,3.1,57,57,54,54.332,68.3,12.6,51.5,15.07229373,16.85526178,12.93995885,11.39679497,2227.515597,2229.858696,7.2197999,8.095999718,5.265,0.696,1.111,0.245,0.426,0.215,0.041,1.1792,0.3806,NA,NA,3.755538538,NA,NA,NA,NA,NA,0.176,187,NA,274.79,NA,NA
NIC,Nicaragua,Americas,Latin America and the Caribbean,Central America,5938,4225,163,0.091,71.152,2.745,0,0,82.61454773,82.77935028,82.43855286,89.6428299,93.60193634,46.23585316,3048887,64.68715463,4.357679844,10.9,12.7,76.4,5.061,11.4,98,98,99,74.275,29.2,17.2,28.8,70.97030129,54.43497093,4.338950399,5.376289908,2050.006145,1912.903745,4.787399912,6.836999893,6.105,0.694,1.325,0.835,0.435,0.2,0.127,1.5334,0.9775,NA,NA,8.645465225,NA,NA,NA,NA,NA,0.733,71,NA,NA,NA,NA
NLD,Netherlands,Europe,Western Europe,,687250,8517,10546,3.965,1.239,1.535,87.09784698,93.16439,0,0,0,0,0,46.99346454,9275661,64.51118404,5.17509985,5.2,5.2,89.6,8.9,5.4,94,92,94,81.81219512,12.5,2.5,0,NA,NA,1.327114116,2.633699102,49070.84696,52447.83144,4.948600101,3.196000099,7.488,1.396,1.522,0.999,0.557,0.322,0.298,11.1839,3.6054,NA,NA,10.10083482,2.9214,NA,NA,0.91,3.32,0.928,17,3451.41,NA,NA,NA
NOR,Norway,Europe,Northern Europe,,43582,17998,404,0.815,41.297,0.927,83.01725769,95.60786,0,0,0,0,0,55.73111254,2818011,65.31435954,7.911980152,7.3,5.6,87,7.7,5.3,97,96,97,82.75853659,12.1,2.5,0,NA,NA,2.505759726,2.167730033,75493.11057,75419.63487,4.056599998,3.345999956,7.554,1.488,1.582,1.028,0.603,0.271,0.341,18.2248,2.9164,17.97,4.93,10.44634208,3.2,NA,NA,1.07,3.6,0.955,11,38632.464,NA,NA,NA
NPL,Nepal,Asia,Southern Asia,,253184,242567,1777,0.885,95.807,0.702,13.32682991,61.87253,67.90843201,59.72443008,78.59133911,94.03427887,90.88346863,0,16885875,64.64705679,5.102069855,25,8.8,66.2,6.361,7.2,93,93,92,70.478,42.7,6.1,72.7,42.96186054,51.64969536,5.98323945,5.568685478,918.169432,1071.050761,1.4148,1.406999946,4.913,0.446,1.226,0.677,0.439,0.285,0.089,3.1084,0.7486,NA,NA,5.553295091,NA,0.028,NA,NA,NA,0.457,150,NA,NA,5494.46,NA
NZL,New Zealand,Oceania,Australia and New Zealand,,2116,2036,25,0.043,96.219,1.181,82.98303223,96.86035,0,0,0,0,0,44.24593822,2764798,64.43943975,6.283669949,4.6,6,89.5,6.86,6.2,92,92,92,81.85853659,13,2.5,0,NA,NA,1.201532305,1.619631902,41321.06377,42084.35337,4.706799889,4.068999767,7.307,1.303,1.557,1.026,0.585,0.33,0.38,12.4482,3.5898,10.34,3.35,9.170055389,2.59,NA,NA,0.3,2.61,0.827,41,NA,NA,31752.906,NA
OMN,Oman,Asia,Western Asia,,127019,119009,1483,2.553,93.694,1.168,40.44564056,96.19256,95.6515274,92.69399261,96.98941803,98.35662842,98.97943115,37.89075011,2793208,75.13301545,0,10.5,17.7,71.9,2.436,10.1,99,99,99,77.633,38.4,7.8,0,NA,NA,0.757351191,0.133795057,15533.4982,15474.03248,3.092000008,2.671000004,NA,NA,NA,NA,NA,NA,NA,4.1965,2.0031,NA,NA,3.849071637,NA,0.146,NA,NA,NA,0.961,8,NA,NA,NA,NA
PAK,Pakistan,Asia,Southern Asia,,457288,407405,9330,0.211,89.092,2.04,8.9584198,37.40039,59.13204956,46.46767044,71.11599731,81.26351929,67.53713226,40.35252444,73943766,60.62321438,2.89951992,34.9,7.3,57.8,6.942,19.9,75,75,75,67.114,58.8,12.3,29.9,13.94370309,6.417924218,5.207248015,10.5783618,1391.424619,1284.702041,3.967200041,4.453000069,5.653,0.677,0.886,0.535,0.313,0.22,0.098,0.6683,0.9801,NA,NA,2.898633666,NA,0.015,NA,NA,NA,0.583,122,NA,NA,2654.301,NA
PAN,Panama,Americas,Latin America and the Caribbean,Central America,209584,171745,3527,4.936,81.946,1.683,47.79935837,63.79138,95.41181183,94.8817215,95.96893311,99.31220245,98.87429047,45.74403499,2070438,64.90704329,0,15.6,9.7,74.6,5.076,7.7,88,88,97,78.329,28.7,6.9,11.4,-4.40408501,9.167145114,0.431861308,-0.355083821,14889.64139,15731.01603,3.60260005,3.90199995,6.321,1.149,1.442,0.91,0.516,0.109,0.054,3.0741,1.5687,NA,NA,7.319491357,NA,NA,NA,NA,NA,0.656,95,NA,NA,18909.438,NA
PER,Peru,Americas,Latin America and the Caribbean,South America,989457,930410,36858,3.044,94.032,3.725,70.73786163,89.30975,94.40827179,91.70310974,97.12136841,99.07920074,98.96697235,38.82697216,18864899,66.3520253,3.847290039,20.3,10.5,69.2,5.503,6.6,88,88,85,76.516,31.9,6.7,9.1,9.177907266,13.80275954,2.679808309,2.137153426,6612.707723,6977.695784,3.339000034,3.309999943,5.697,0.96,1.274,0.854,0.455,0.083,0.027,2.4398,1.3048,NA,NA,4.995150492,NA,NA,NA,NA,NA,0.547,129,NA,NA,3819.837,NA
PHL,Philippines,Asia,South-eastern Asia,,458044,421086,8911,0.424,91.931,1.945,35.47546005,65.55881,98.18254852,98.24175262,98.12325287,98.90415192,99.26673126,0,44815390,64.20912271,0,25.2,7.5,67.3,5.873,7.1,65,65,67,71.095,17.5,14.5,17.7,4.222717765,5.068732159,2.494592451,2.480278587,3187.020952,3485.084218,2.563200045,2.150000095,5.631,0.807,1.293,0.657,0.558,0.117,0.107,4.9351,0.6004,NA,NA,4.44640778,NA,0.022,NA,NA,NA,0.755,60,4899.064,NA,NA,NA
PNG,Papua New Guinea,Oceania,Melanesia,,760,601,8,0.009,79.079,1.053,0,32.38128,0,0,0,0,0,44.63283863,2671927,61.00460922,1.930889964,36.1,8,55.9,7.427,17.9,35,35,37,64.263,48.4,0,26.7,72.96585129,91.27482398,5.290096241,3.637899003,2689.958872,2845.180186,2.494800043,2.459000111,NA,NA,NA,NA,NA,NA,NA,0.4548,0.0699,NA,NA,2.469276078,NA,NA,NA,NA,NA,0.467,148,NA,NA,NA,NA
POL,Poland,Europe,Eastern Europe,,1194110,927723,25254,3.145,77.692,2.115,68.62010193,94.08406,0,0,0,0,0,44.59560253,18260472,66.69771627,4.559569836,5,4.7,90.3,10.9,6.1,95,91,93,77.60243902,26.3,2.5,0.1,NA,NA,0.915494541,2.227478809,13984.28463,15595.22703,5.173599958,3.473999977,6.182,1.206,1.438,0.884,0.483,0.117,0.05,6.8926,2.3788,5.1,2.38,6.541953981,4.8514,NA,NA,0.65,6.62,0.793,50,15498.996,16510.783,NA,NA
PRT,Portugal,Europe,Southern Europe,,370787,294814,6063,3.611,79.51,1.635,65.66265869,94.66479,96.1375885,95.0725174,97.35362244,99.62657166,99.70156097,40.4850462,5239181,64.39122422,5.015610218,10.2,4.2,85.6,11,9.8,99,98,99,81.32439024,13.5,2.5,0.3,NA,NA,0.759168782,0.33817841,21463.56205,23145.04082,9.140799999,6.334000111,5.693,1.221,1.431,0.999,0.508,0.047,0.025,6.9746,5.124,6.88,NA,8.969574422,3.25,NA,NA,0.64,3.39,0.945,12,NA,NA,44449.866,NA
PRY,Paraguay,Americas,Latin America and the Caribbean,South America,99157,70943,2072,1.408,71.546,2.09,0,0,94.02079773,93.53170776,94.51148224,97.73242188,98.86784363,19.99115945,3596812,64.19983942,3.438339949,13.7,12,74.4,5.498,9.6,86,86,87,74.131,25.7,8.8,21.6,15.10610201,23.22431773,3.510202079,2.757097276,5525.43392,5414.799138,4.753800011,4.809000015,5.743,0.855,1.475,0.777,0.514,0.184,0.08,1.6604,1.3544,NA,NA,6.654568762,NA,NA,NA,NA,NA,0.761,57,NA,NA,6122.3,NA
QAT,Qatar,Asia,Western Asia,,141858,139521,243,5.009,98.353,0.171,18.9489994,0,93.46396637,94.7115097,93.14446259,94.06990051,96.11466217,43.00031435,2124504,84.88093679,2.695349932,5.2,25.9,68.9,1.202,15.6,98,98,99,80.1,26.3,0,0,NA,NA,0.894944422,-0.666641125,63008.39833,64781.7332,0.132200001,0.090999998,6.374,1.684,1.313,0.871,0.555,0.22,0.167,7.2628,2.4852,NA,NA,2.607428655,NA,NA,NA,NA,NA,0.812,44,46082.844,NA,NA,NA
ROU,Romania,Europe,Eastern Europe,,587944,493379,14296,3.037,83.916,2.432,51.01253891,82.84805,98.84449768,98.59976959,99.10800934,99.41938019,99.43968201,48.57270354,8932844,65.63597608,3.095390081,4.2,3.6,92.2,13.5,6.9,88,90,90,75.35853659,26.8,2.5,0,NA,NA,1.530681373,3.827854326,10936.09765,12919.52964,5.160599947,3.976000071,6.07,1.162,1.232,0.825,0.462,0.083,0.005,7.3891,2.9807,NA,NA,5.157888308,5.2533,NA,NA,NA,NA,0.645,99,NA,NA,18943.833,NA
RUS,Russia,Europe,Eastern Europe,,2792615,2233060,49744,1.934,79.963,1.781,84.5842514,90.67886,99.73005676,99.73410797,99.72515869,99.64997101,99.7490921,51.67700606,73025684,66.75095023,4.689909935,4.8,7.8,87.4,12.4,6.1,97,97,98,72.65731707,25.7,2.5,3.2,NA,NA,6.721769194,4.470366608,10338.81069,11584.99538,5.154600048,4.585000038,5.648,1.183,1.452,0.726,0.334,0.082,0.031,8.5429,4.0139,8.46,4.09,5.344577879,NA,NA,NA,NA,8.05,0.544,130,NA,NA,55616.667,NA
RWA,Rwanda,Africa,Sub-Saharan Africa,Eastern Africa,7232,6089,59,0.057,84.195,0.816,6.235390186,35.87144,73.21559143,69.39453888,77.55879974,84.32592773,88.50182343,22.30160181,6362559,57.20571476,3.073750019,42.4,13.5,44,5.208,5.1,98,98,96,68.7,36.2,35.6,66.5,96.28999909,90.98321976,4.20634378,3.353342993,772.0008014,801.656187,1.073199987,1.029999971,3.334,0.359,0.711,0.614,0.555,0.217,0.411,1.2044,0.134,NA,NA,6.571598351,NA,NA,NA,NA,NA,0.327,172,NA,5365.642,NA,NA
SAU,Saudi Arabia,Asia,Western Asia,,360848,351722,6112,1.053,97.471,1.694,70.90087891,96.36052,95.32862854,92.7071991,97.10370636,99.32151794,99.28044128,30.36493855,14387604,71.72113141,0,10.6,16.3,73.2,3.472,15.8,96,97,95,74.998,37.8,4.8,0,NA,NA,0.56030545,-2.093333333,21557.947,23139.79866,5.819400024,5.927000046,6.375,1.403,1.357,0.795,0.439,0.08,0.132,5.4763,2.6117,NA,NA,5.23025319,NA,0.228,NA,NA,NA,0.894,26,NA,NA,30666.364,NA
SDN,Sudan,Africa,Northern Africa,,22621,13024,1425,0.053,57.575,6.299,16.91901016,0,60.6971817,56.06322861,65.43515015,72.51000214,73.48999786,40.39732345,12410692,56.21697663,0,35.2,12.6,52.2,7.188,22.1,93,93,90,65.095,57.2,12.4,40,21.05577939,NA,36.25960204,50.9940515,1077.248251,441.5056034,17.0067997,16.53499985,NA,NA,NA,NA,NA,NA,NA,0.6952,0.2618,NA,NA,6.341807544,NA,NA,NA,NA,NA,0.524,134,NA,NA,NA,NA
SEN,Senegal,Africa,Sub-Saharan Africa,Western Africa,17670,16493,361,0.108,93.339,2.043,13.1359396,37.66861,51.90042114,39.7985611,64.81227875,75.57640839,63.50270844,41.75454663,4255475,54.06165449,4.833280087,45.7,12.2,42.1,5.716,2.4,93,93,90,67.665,67.9,9.4,41.2,61.59927012,62.54368053,0.902040169,1.758565176,1352.654466,1446.830965,6.641799927,6.604000092,4.681,0.45,1.134,0.571,0.292,0.153,0.072,0.3127,0.0691,NA,NA,4.134063795,NA,NA,NA,NA,NA,0.756,59,NA,NA,1780.308,NA
SGP,Singapore,Asia,South-eastern Asia,,58403,58274,29,1.024,99.779,0.05,88.88645172,99.78462,97.34485626,95.91941071,98.85089874,99.91741943,99.94236755,48.60988414,3527065,75.27536737,0,22.7,3.7,73.6,5,5.5,96,96,95,83.14634146,16.9,0,0,NA,NA,0.105050818,0.565260569,60962.14425,65233.28244,4.039599991,4.109000206,6.262,1.572,1.463,1.141,0.556,0.271,0.453,6.2432,2.2936,NA,NA,4.440382868,1.9861,NA,NA,34.21,2.6766,0.973,6,3982.205,11537.761,NA,NA
SLB,Solomon Islands,Oceania,Melanesia,,17,5,0,0.003,29.412,NA,0,0,0,0,0,0,0,49.72922313,336195,56.23799123,0,22.2,8.8,68.9,4.252,19,94,94,81,72.835,42.9,13.2,0,305.995575,296.3125166,1.104606678,1.63485544,2045.03176,2127.538508,0.631599998,0.575999975,NA,NA,NA,NA,NA,NA,NA,2.1642,0.1937,NA,NA,4.684919119,NA,NA,NA,NA,NA,0.705,80,NA,NA,NA,NA
SLE,Sierra Leone,Africa,Sub-Saharan Africa,Western Africa,2497,1854,75,0.032,74.249,3.004,0,41.76675,43.20632935,34.85203171,51.6468811,70.57611084,62.69921875,41.95806151,2681359,56.32795207,7.702280045,57.9,8.9,33.2,11.745,2.4,95,95,93,54.309,77.3,26,59.2,99.05295211,66.12938692,13.32652455,14.80305857,525.4957202,504.4625434,4.513799953,4.427999973,4.374,0.268,0.841,0.242,0.309,0.252,0.045,0.2239,NA,NA,NA,13.42092752,NA,NA,NA,NA,NA,0,191,NA,NA,NA,NA
SLV,El Salvador,Americas,Latin America and the Caribbean,Central America,43195,39016,1242,0.669,90.325,2.875,29.37192917,61.83092,89.00859833,87.23413849,91.1023407,97.72744751,98.2106781,0,2789514,64.67197217,3.592420101,10.8,15.4,73.8,7.04,8.8,81,81,82,73.096,30.6,8.9,9.3,22.49982373,38.71358324,0.410134555,0.075324135,3935.347657,4187.250031,4.183400106,4.110000134,6.253,0.794,1.242,0.789,0.43,0.093,0.074,1.8344,1.5662,NA,NA,7.227560133,NA,NA,NA,NA,NA,0.608,115,NA,NA,8303.114,NA
SMR,San Marino,Europe,Southern Europe,,2107,1736,55,6.223,82.392,2.61,51.23123169,66.54351,99.91642761,99.90190887,99.93208313,100,100,23.20044659,0,0,3.592859983,0,0,0,7.1,5.9,88,87,86,0,0,0,0,NA,NA,0.588536976,NA,45091.97928,NA,NA,NA,NA,NA,NA,NA,NA,NA,NA,NA,NA,NA,NA,7.364083081,NA,NA,NA,NA,NA,0.988,3,NA,NA,NA,NA
SOM,Somalia,Africa,Sub-Saharan Africa,Eastern Africa,4662,3566,124,0.03,76.491,2.66,0,0,0,0,0,0,0,44.49950914,3924821,50.73129052,0,64.2,11.9,23.9,10.855,5.1,42,42,46,57.068,55.8,0,0,96.58144803,104.8103591,NA,NA,NA,NA,11.4421999,11.35099983,4.668,0,0.698,0.268,0.559,0.243,0.27,NA,NA,NA,NA,NA,NA,NA,NA,NA,NA,0.286,179,NA,NA,NA,NA
SRB,Serbia,Europe,Southern Europe,,296528,0,2632,4.27,NA,0.888,67.7898407,92.06535,98.84150696,98.22827911,99.49970245,99.71523285,99.72467804,46.50370153,3218840,65.71855405,3.585390091,2.4,3,94.6,14.6,9,97,94,87,75.8902439,26.4,4.6,0.5,115.7290659,152.8956798,1.890961058,1.849229845,6454.84767,7402.354559,14.36259995,12.68599987,5.603,1.004,1.383,0.854,0.282,0.137,0.039,6.0855,3.1131,NA,NA,8.433958143,4.6412,NA,NA,NA,NA,NA,NA,28176.312,NA,NA,NA
SSD,South Sudan,Africa,Sub-Saharan Africa,Eastern Africa,3228,3090,62,0.029,95.725,1.921,0,5.48403,34.52275848,28.86425972,40.26480865,48.42514038,47.36920166,46.49362236,4678892,55.05514182,1.543900013,63.4,9.3,27.3,10.459,10.2,49,49,49,57.604,58,0,0,166.5390494,143.7054979,206.8380995,NA,1119.651333,NA,12.37980022,12.24400043,2.853,0.306,0.575,0.295,0.01,0.202,0.091,NA,NA,NA,NA,NA,NA,NA,NA,NA,NA,NA,NA,NA,NA,195.237,NA
STP,Sao Tome and Principe,Africa,Sub-Saharan Africa,Middle Africa,1012,958,17,0.471,94.664,1.68,13.38451958,65.23344,92.81664276,89.51573181,96.16268158,97.71246338,97.85417938,38.11969588,71899,54.89314411,5.149069786,33.9,11.4,54.7,4.828,2.4,95,95,95,70.17,65.3,12,0,218.5415822,210.1142984,6.05875873,NA,1822.61036,1994.906467,13.33239994,13.36900043,NA,NA,NA,NA,NA,NA,NA,1.9242,0.0531,NA,NA,6.229991466,NA,NA,NA,NA,NA,0.535,133,NA,NA,NA,NA
SUR,Suriname,Americas,Latin America and the Caribbean,South America,5511,5263,118,0.948,95.5,2.141,0,57.78983,94.38327026,92.71205902,96.07404327,98.8754425,98.39996338,45.37803118,217284,66.07301349,0,13.3,10.7,75.9,7.335,12.5,77,77,64,71.57,34.3,8.1,0,27.99700241,22.65660434,28.1010782,NA,6517.293699,6854.906561,7.159599972,7.334000111,NA,NA,NA,NA,NA,NA,NA,2.7569,1.2101,NA,NA,6.229769811,NA,NA,NA,NA,NA,0.623,110,NA,NA,NA,NA
SVK,Slovakia,Europe,Eastern Europe,,149275,106361,1510,2.737,71.252,1.012,45.36722946,84.75751,0,0,0,0,0,46.22886734,2743160,68.29989227,3.939130068,4.8,6,89.2,10,6.5,97,97,96,77.26585366,26.1,6.1,0,NA,NA,1.129062874,2.664561334,17825.31392,19329.0968,8.275799847,5.56099987,6.198,1.246,1.504,0.881,0.334,0.121,0.014,6.0671,3.4156,5.7,3.52,6.742534786,4.91,NA,NA,0.81,5.82,0.754,62,NA,NA,17990.518,NA
SVN,Slovenia,Europe,Southern Europe,,105013,82541,2314,5.029,78.601,2.204,77.11312103,95.68577,0,0,0,0,0,47.7316029,1034477,64.70807551,4.783239841,5,6.6,88.4,9.9,5.9,95,0,94,81.37804878,26.9,2.5,0,NA,NA,0.843537367,1.630522608,23559.77792,25739.24781,6.565799999,4.195000172,6.118,1.258,1.523,0.953,0.564,0.144,0.057,9.9745,3.0861,10.14,3.18,8.18701759,4.2035,NA,NA,0.66,4.5,0.838,38,NA,NA,22689.651,NA
SWE,Sweden,Europe,Northern Europe,,367120,0,7993,3.569,NA,2.177,72.46116638,99.06336,0,0,0,0,0,47.87388464,5470074,62.17594015,7.568830013,5.2,4.9,89.9,9.1,4.8,98,97,97,82.55853659,12.3,2.5,0,NA,NA,1.293933964,1.784150974,52700.25519,51610.06606,6.792399979,6.475999832,7.343,1.387,1.487,1.009,0.574,0.267,0.373,11.8164,3.984,10.88,4.27,11.01874635,2.04,NA,NA,0.43,NA,0.908,23,NA,NA,NA,NA
SWZ,Eswatini,Africa,Sub-Saharan Africa,Southern Africa,7305,6662,137,0.636,91.198,1.875,0,41.69996,88.41938019,88.54268646,88.2875824,94.29769135,96.69525146,0,374768,58.1537805,0,53.7,9.6,36.7,9.376,4.5,90,90,81,59.401,42,16.9,21.3,106.1521446,105.2375874,5.286594539,2.598016203,3814.660895,3837.026994,22.63100014,22.08300018,4.212,0.811,1.149,0,0.313,0.074,0.135,4.1415,0.3285,NA,NA,6.930378079,NA,NA,NA,NA,NA,0.305,177,NA,NA,NA,NA
SYC,Seychelles,Africa,Sub-Saharan Africa,Eastern Africa,202,184,0,0.207,91.089,NA,19.17317009,80.06115,95.8677063,96.35019684,95.41175842,98.55999756,99.59999847,16.465988,0,68.45578531,4.421020031,11.9,7.3,80.8,8.5,12.3,99,99,99,72.84146341,35,0,2.2,108.4477656,NA,2.278457587,1.8061116,15902.51842,17401.72151,NA,NA,NA,NA,NA,NA,NA,NA,NA,8.0773,2.1212,NA,NA,5.006735027,NA,NA,NA,NA,NA,0.773,56,NA,NA,NA,NA
SYR,Syria,Asia,Western Asia,,10050,4737,601,0.059,47.134,5.98,40.05115128,0,0,0,0,0,0,0,5191550,64.25011284,0,5.1,49.8,45.1,5.373,13.5,54,54,59,71.779,34.9,0,17,441.64971,590.9530979,NA,NA,NA,NA,8.397800064,8.369999886,3.462,0.619,0.378,0.44,0.013,0.331,0.141,1.5406,1.2874,NA,NA,NA,NA,NA,NA,NA,NA,0.628,108,NA,NA,NA,NA
TCD,Chad,Africa,Sub-Saharan Africa,Middle Africa,1867,1632,102,0.012,87.413,5.463,3.251300097,18.8551,22.31155014,13.95522976,31.32879066,40.69289017,22.38714981,43.17952405,5995556,50.68741364,2.454819918,63.4,9.3,27.3,12.104,6,50,50,41,53.977,73.3,39.6,57.1,42.84671021,56.55860625,1.070053861,-0.971939175,714.2214925,709.5403101,1.853200006,1.891000032,4.35,0.35,0.766,0.192,0.174,0.198,0.078,0.2322,0.0434,NA,NA,4.487301409,NA,NA,NA,NA,NA,0.303,178,NA,NA,NA,NA
TGO,Togo,Africa,Sub-Saharan Africa,Western Africa,3396,2974,66,0.042,87.574,1.943,14.01836967,41.01339,63.74562073,51.24177933,77.25942993,89.67247009,78.37084961,45.60077052,3700152,56.11429871,5.369569778,51.7,10.7,37.6,8.446,2.4,84,84,75,60.76,71,20.7,59.6,32.29821379,37.57339099,0.898194141,0.67465277,629.7941494,675.5422133,2.124399996,2.038000107,4.085,0.275,0.572,0.41,0.293,0.177,0.085,0.4102,0.0774,NA,NA,6.199512258,NA,NA,NA,NA,NA,0.449,152,NA,NA,1859.242,NA
THA,Thailand,Asia,South-eastern Asia,,4907,4041,60,0.007,82.352,1.223,49.28681183,77.27069,93.76776123,92.42855835,95.20239258,97.69087982,98.59393311,37.35673222,38989896,70.77021345,0,15.8,10.2,74,7.666,7,97,97,96,76.931,28.3,9.3,6.3,1.370868451,-6.095909672,0.344796555,0.706728601,6706.172287,7808.192916,0.726999998,0.754000008,6.008,1.05,1.409,0.828,0.557,0.359,0.028,2.7593,0.805,NA,NA,3.746016324,NA,0.104,NA,NA,NA,0.807,47,NA,NA,2696.406,NA
TJK,Tajikistan,Asia,Central Asia,,12923,12374,89,0.139,95.752,0.689,31.25655937,0,0,0,0,0,0,40.9847157,2464790,59.84295921,5.231389999,23.2,7.6,69.2,4.856,6.1,97,97,98,70.879,31.3,0,57.1,43.29658616,43.68169747,5.85957016,NA,847.0129108,870.7875893,11.26860027,11.0170002,5.467,0.493,1.098,0.718,0.389,0.23,0.144,NA,NA,NA,NA,7.228814811,NA,NA,NA,NA,NA,0.428,154,NA,NA,NA,NA
TLS,Timor-Leste,Asia,South-eastern Asia,,31,35,0,NA,NA,NA,0,62.73563,68.0668335,64.2109375,71.86872101,82.45848083,84.6505127,20.20185854,546036,58.42138272,6.792950153,45.6,9,45.4,5.995,6.7,83,83,85,69.26,61.4,30.9,55.4,183.9272284,159.7669364,0.601986203,NA,1303.774159,1294.188934,4.539799976,4.547999859,NA,NA,NA,NA,NA,NA,NA,1.668,0.7224,NA,NA,3.882293403,NA,NA,NA,NA,NA,NA,NA,NA,NA,NA,NA
TTO,Trinidad and Tobago,Americas,Latin America and the Caribbean,Caribbean,6974,6426,123,0.5,92.142,1.764,0,0,0,0,0,0,0,26.31845627,666923,68.62061129,0,9,10.3,80.7,8.375,11,93,93,99,73.38,32.1,5.5,0,NA,NA,2.657709277,NA,17022.24469,17276.46545,2.61500001,2.686000109,6.192,1.231,1.477,0.713,0.489,0.185,0.016,4.0934,4.1675,NA,NA,6.978735328,NA,NA,NA,NA,NA,0.742,67,2692.755,NA,NA,NA
TUN,Tunisia,Africa,Northern Africa,,119151,87884,4126,1.019,73.759,3.463,31.84726906,0,0,0,0,0,0,32.97648049,4087299,67.18043418,6.596010208,7.8,6.4,85.8,6.262,8.5,92,92,95,76.505,28.8,2.5,2.6,65.1187594,69.62869133,5.480657226,6.720075329,3559.435641,3317.541013,15.51839981,16.02199936,4.461,0.921,1,0.815,0.167,0.059,0.055,2.5136,1.3025,NA,NA,7.232457399,NA,NA,NA,NA,NA,0.785,52,NA,NA,1068.211,NA
TUR,Turkey,Asia,Western Asia,,2004285,1779068,17851,2.402,88.763,0.891,113.2170715,87.22819,96.15052795,93.49826813,98.81996155,99.90791321,99.58643341,0,33368843,66.9828933,0,4.4,6.2,89.4,5.412,11.1,99,99,97,77.437,28,2.5,1.8,34.06772397,14.42278924,11.61991687,15.17682157,10139.13524,9042.492983,11.25480003,13.48999977,5.373,1.183,1.36,0.808,0.195,0.083,0.106,2.7107,1.8492,2.34,1.88,4.216302931,2.7815,NA,NA,0.05,2.81,0.734,70,NA,NA,21126.28,NA
TZA,Tanzania,Africa,Sub-Saharan Africa,Eastern Africa,509,183,21,0.001,35.953,4.126,3.092499971,26.54777,77.88722992,73.09382629,83.20484924,87.01309967,84.64080048,49.31740475,27170342,53.53565232,3.696439981,55.8,11.2,32.9,6.419,5.7,89,89,88,65.015,55.2,25,61.2,47.56160201,43.56058189,4.608078189,3.46428058,1020.473123,1122.12181,2.03659997,1.980000019,3.231,0.476,0.885,0.499,0.417,0.276,0.147,0.5843,0.014,NA,NA,3.645451367,NA,NA,NA,NA,NA,0.422,156,NA,NA,NA,NA
UGA,Uganda,Africa,Sub-Saharan Africa,Eastern Africa,30702,10360,230,0.069,33.744,0.749,0,0,76.52749634,70.83805847,82.65601349,88.82689667,89.95063782,47.16749886,16658774,51.53743447,2.130520105,54.5,12.7,32.9,6.554,2.5,93,93,87,62.973,51.1,0,75.1,45.16188373,45.42737482,4.397952841,2.86909425,772.417971,776.7685759,1.814799976,1.843000054,4.189,0.332,1.069,0.443,0.356,0.252,0.06,1.2382,0.168,NA,NA,6.187755987,NA,NA,NA,NA,NA,0.464,149,NA,1389.336,NA,NA
UKR,Ukraine,Europe,Eastern Europe,,982937,596218,17072,2.215,60.657,1.737,0,0,0,0,0,0,0,42.21242676,20203893,67.35529124,5.412260056,4.1,5,91,14.8,6.1,80,76,93,71.58268293,26,3.5,2.4,30.13135789,27.36510691,19.1778942,7.886717456,2741.783444,3659.031312,9.136200142,8.881999969,4.332,0.82,1.39,0.739,0.178,0.187,0.01,NA,NA,NA,NA,6.99532032,NA,NA,NA,NA,NA,0.708,79,NA,NA,7768.631,NA
URY,Uruguay,Americas,Latin America and the Caribbean,South America,12557,8002,114,0.363,63.725,0.908,63.12577057,88.21273,98.70385742,99.00773621,98.37136078,98.60475159,99.16599274,46.03127448,1762838,64.60068856,5.047589779,7.6,7.5,84.9,9.467,7.3,94,94,96,77.77,23.1,2.5,1.7,12.77911818,NA,8.002459897,7.881988709,16358.23055,16190.12696,8.05720005,8.730999947,6.293,1.124,1.465,0.891,0.523,0.127,0.15,1.9412,5.0794,NA,NA,9.2962116,NA,NA,NA,NA,NA,0.745,65,NA,NA,10702.783,NA
USA,United States,Americas,Northern America,,17665284,0,316159,NA,NA,NA,88.29917908,92.45022,0,0,0,0,0,40.83425838,165890069,65.24107673,0,5.2,6.6,88.3,8.6,10.8,94,91,90,78.53902439,8.5,2.5,0.3,NA,NA,1.553022743,1.812210075,60533.22802,65118.35833,4.416400003,3.681999922,6.892,1.433,1.457,0.874,0.454,0.28,0.128,14.548,2.612,11.89,2.61,17.06126928,2.48764,0.302904,0.242003,0.21975,NA,0.838,37,NA,NA,55625.288,57760.42
UZB,Uzbekistan,Asia,Central Asia,,75806,73099,612,0.226,96.429,0.807,12.5820303,90.85635,99.9928894,99.98587036,99.99997711,99.99993134,99.99992371,40.60272426,15555948,66.60697097,5.281340122,10.3,6,83.7,4.7,6.5,96,96,98,71.573,36.6,2.6,0,15.52262969,16.8678947,NA,NA,2052.663052,1724.841134,5.558599949,5.916999817,6.174,0.745,1.529,0.756,0.631,0.322,0.24,NA,NA,NA,NA,6.41438514,NA,NA,NA,NA,NA,0.599,117,NA,NA,NA,NA
VCT,Saint Vincent and the Grenadines,Americas,Latin America and the Caribbean,Caribbean,100,82,0,NA,NA,NA,23.66991997,89.47196,0,0,0,0,0,39.11532009,56676,68.06553997,5.693779945,13.4,5.6,81,9.263,11.6,97,97,99,72.415,32.9,5.7,0,112.7618623,159.0599826,0.648556936,NA,7206.768574,7463.537831,19.06780014,18.88100052,NA,NA,NA,NA,NA,NA,NA,7.0145,NA,NA,NA,4.487125203,NA,NA,NA,NA,NA,0.722,74,NA,NA,NA,NA
VEN,Venezuela,Americas,Latin America and the Caribbean,South America,109781,104208,984,0.385,94.924,0.896,0,73.24477,97.12709045,97.21370697,97.03910828,98.44194031,99.0925827,0,12364879,64.98478442,0,11.3,19.2,69.5,6.982,7,64,64,93,72.128,30,31.4,10.9,2.431657733,5.096259477,188.34331,NA,NA,NA,7.629999924,8.800999641,4.707,0.96,1.427,0.805,0.154,0.064,0.047,0.9416,NA,NA,NA,1.181210112,NA,NA,NA,NA,NA,0.775,54,NA,NA,NA,NA
VNM,Vietnam,Asia,South-eastern Asia,,1411,1269,35,0.001,89.936,2.481,28.63998032,0,95.00038147,93.59671021,96.45677948,98.46012115,98.35314178,43.58429302,57364650,69.23249944,4.167449951,11.5,11.3,77.2,6.317,6,89,89,95,75.317,33.9,6.4,27.4,30.73703384,17.0959098,2.631031539,2.795823675,2384.962135,2715.276036,2.053399992,2.013000011,5.175,0.741,1.346,0.851,0.543,0.147,0.073,1.4463,0.8281,NA,NA,5.532128364,NA,NA,NA,NA,NA,0.393,160,NA,385.366,NA,NA
VUT,Vanuatu,Oceania,Melanesia,,1,1,0,0,100,NA,0,48.94452,87.50630951,86.70609283,88.30635071,95.97657013,96.59661102,38.8508119,128427,57.67335152,4.533530235,18.8,7,74.1,5.266,11.9,90,90,80,70.323,28.3,9.8,15.6,483.6806829,422.9875736,2.300669615,2.762520194,2985.583408,3058.065675,4.456999969,4.385000229,NA,NA,NA,NA,NA,NA,NA,1.4247,0.1653,NA,NA,3.316853195,NA,NA,NA,NA,NA,0.559,127,NA,NA,NA,NA
WSM,Samoa,Oceania,Polynesia,,2,2,0,0.001,100,NA,14.64204979,85.51776,99.09577179,99.24504089,98.95609283,98.84150696,99.43575287,0,53500,57.20279862,4.162220001,12,7,81,5.239,9.2,58,58,87,73.187,43,2.5,0,537.6833004,586.5497421,1.791774212,0.98232657,4188.129224,4315.920675,8.469600105,8.359000206,NA,NA,NA,NA,NA,NA,NA,2.4885,0.3445,NA,NA,5.482785776,NA,NA,NA,NA,NA,0.589,119,NA,NA,NA,NA
YEM,Yemen,Asia,Western Asia,,2087,1384,606,NA,NA,NA,0,47.59088,0,0,0,0,0,45.37780878,6734980,57.8744844,0,28.7,14.7,56.6,5.983,5.4,73,73,67,66.096,83.5,0,92,118.6498376,280.1960741,NA,NA,1069.931871,NA,13.15320015,12.90999985,3.38,0.287,1.163,0.463,0.143,0.108,0.077,0.7852,NA,NA,NA,NA,NA,NA,NA,NA,NA,0.587,120,NA,NA,NA,NA
ZAF,South Africa,Africa,Sub-Saharan Africa,Southern Africa,912477,787782,24539,1.558,86.334,2.689,23.80195999,71.92661,87.04666901,86.45863342,87.67774963,93.75608826,96.87589264,48.32576165,23300226,65.61641934,6.505050182,39.6,9.1,51.3,9.435,12.7,77,77,72,63.857,36.8,5.7,27.1,20.00628786,15.83274459,4.982764629,4.124350725,5903.092181,6001.400814,26.77579994,28.18099976,4.722,0.96,1.351,0.469,0.389,0.13,0.055,1.3078,0.9054,1.31,NA,8.113118261,NA,NA,NA,NA,NA,0.319,175,11209.761,NA,NA,NA
ZMB,Zambia,Africa,Sub-Saharan Africa,Eastern Africa,18620,17756,373,0.104,95.36,2.003,0,0,86.74796295,83.08344269,90.60118103,92.55963898,91.62818909,50.88757102,7401485,53.42217666,4.618090153,60.6,10.2,29.2,6.456,4.5,88,88,93,63.51,54.2,0,0,58.58912644,57.16229657,10.24050458,9.150316443,1400.183644,1291.343357,11.10760002,11.42500019,4.107,0.578,1.058,0.426,0.431,0.247,0.087,1.3376,1.1867,NA,NA,4.47034128,NA,NA,NA,NA,NA,0.269,182,NA,NA,1649.091,NA
ZWE,Zimbabwe,Africa,Sub-Saharan Africa,Eastern Africa,12151,9984,318,0.083,82.166,2.617,10.00654984,0,0,0,0,NA,0,NA,7039493,54.86126493,5.871349812,54.6,12.3,33,7.883,1.8,90,90,85,61.195,41.7,0,0,53.12368489,54.96287804,-1.022059888,NA,1521.110227,1463.98591,5.152799988,4.953999996,3.663,0.366,1.114,0.433,0.361,0.151,0.089,1.9346,0.2096,NA,NA,NA,NA,NA,NA,NA,NA,0.427,155,NA,NA,1248.859,NA
